target_expiry,entry_timestamp,lock_timestamp,entry_strikes,valid_variants,coverage_rate
2024-01-11,2024-01-05 10:00:00+05:30,2024-01-10 14:00:00+05:30,41,224,1.0
2024-01-18,2024-01-12 10:00:00+05:30,2024-01-17 14:00:00+05:30,47,224,1.0
2024-02-08,2024-02-02 10:00:00+05:30,2024-02-07 14:00:00+05:30,51,224,1.0
2024-02-15,2024-02-09 10:00:00+05:30,2024-02-14 14:00:00+05:30,59,224,1.0
2024-02-22,2024-02-16 10:00:00+05:30,2024-02-21 14:00:00+05:30,49,224,1.0
2024-03-14,2024-03-11 10:00:00+05:30,2024-03-13 14:00:00+05:30,50,224,1.0
2024-03-21,2024-03-15 10:00:00+05:30,2024-03-20 14:00:00+05:30,57,224,1.0
2024-04-10,2024-04-05 10:00:00+05:30,2024-04-09 14:00:00+05:30,50,224,1.0
2024-04-18,2024-04-12 10:00:00+05:30,2024-04-16 14:00:00+05:30,51,224,1.0
2024-05-09,2024-05-03 10:00:00+05:30,2024-05-08 14:00:00+05:30,49,224,1.0
2024-05-16,2024-05-10 10:00:00+05:30,2024-05-15 14:00:00+05:30,65,224,1.0
2024-05-23,2024-05-17 10:00:00+05:30,2024-05-22 14:00:00+05:30,54,224,1.0
2024-06-13,2024-06-07 10:00:00+05:30,2024-06-12 14:00:00+05:30,59,224,1.0
2024-06-20,2024-06-14 10:00:00+05:30,2024-06-19 14:00:00+05:30,61,224,1.0
2024-07-11,2024-07-05 10:00:00+05:30,2024-07-10 14:00:00+05:30,52,224,1.0
2024-07-18,2024-07-12 10:00:00+05:30,2024-07-16 14:00:00+05:30,53,224,1.0
2024-08-08,2024-08-02 10:00:00+05:30,2024-08-07 14:00:00+05:30,57,224,1.0
2024-08-14,2024-08-09 10:00:00+05:30,2024-08-13 14:00:00+05:30,69,224,1.0
2024-08-22,2024-08-16 10:00:00+05:30,2024-08-21 14:00:00+05:30,66,182,0.8125
2024-09-12,2024-09-06 10:00:00+05:30,2024-09-11 14:00:00+05:30,59,224,1.0
2024-09-19,2024-09-13 10:00:00+05:30,2024-09-18 14:00:00+05:30,52,224,1.0
2024-10-10,2024-10-04 10:00:00+05:30,2024-10-09 14:00:00+05:30,70,224,1.0
2024-10-17,2024-10-11 10:00:00+05:30,2024-10-16 14:00:00+05:30,64,224,1.0
2024-10-24,2024-10-18 10:00:00+05:30,2024-10-23 14:00:00+05:30,63,224,1.0
2024-11-14,2024-11-08 10:00:00+05:30,2024-11-13 14:00:00+05:30,70,224,1.0
2024-11-21,2024-11-18 10:00:00+05:30,2024-11-19 14:00:00+05:30,67,224,1.0
2024-12-12,2024-12-06 10:00:00+05:30,2024-12-11 14:00:00+05:30,52,224,1.0
2024-12-19,2024-12-13 10:00:00+05:30,2024-12-18 14:00:00+05:30,56,224,1.0
2025-02-20,2025-02-14 10:00:00+05:30,2025-02-19 14:00:00+05:30,65,224,1.0
2025-03-13,2025-03-07 10:00:00+05:30,2025-03-12 14:00:00+05:30,57,224,1.0
2025-03-20,2025-03-17 10:00:00+05:30,2025-03-19 14:00:00+05:30,56,224,1.0
2025-04-09,2025-04-04 10:00:00+05:30,2025-04-08 14:00:00+05:30,64,224,1.0
2025-04-17,2025-04-11 10:00:00+05:30,2025-04-16 14:00:00+05:30,69,224,1.0
2025-04-24,2025-04-21 10:00:00+05:30,2025-04-23 14:00:00+05:30,60,224,1.0
2025-05-15,2025-05-09 10:00:00+05:30,2025-05-14 14:00:00+05:30,58,189,0.84375
2025-05-22,2025-05-16 10:00:00+05:30,2025-05-21 14:00:00+05:30,52,224,1.0
2025-06-12,2025-06-06 10:00:00+05:30,2025-06-11 14:00:00+05:30,55,189,0.84375
2025-06-19,2025-06-13 10:00:00+05:30,2025-06-18 14:00:00+05:30,57,224,1.0
2025-07-10,2025-07-04 10:00:00+05:30,2025-07-09 14:00:00+05:30,54,224,1.0
2025-07-17,2025-07-11 10:00:00+05:30,2025-07-16 14:00:00+05:30,56,224,1.0
2025-07-24,2025-07-18 10:00:00+05:30,2025-07-23 14:00:00+05:30,52,224,1.0
2025-08-14,2025-08-08 10:00:00+05:30,2025-08-13 14:00:00+05:30,69,224,1.0
2025-08-21,2025-08-18 10:00:00+05:30,2025-08-20 14:00:00+05:30,55,224,1.0
2025-09-09,2025-09-03 10:00:00+05:30,2025-09-08 14:00:00+05:30,55,196,0.875
2025-09-16,2025-09-10 10:00:00+05:30,2025-09-15 14:00:00+05:30,51,224,1.0
2025-09-23,2025-09-17 10:00:00+05:30,2025-09-22 14:00:00+05:30,52,224,1.0
2025-10-14,2025-10-08 10:00:00+05:30,2025-10-13 14:00:00+05:30,51,224,1.0
2025-11-11,2025-11-06 10:00:00+05:30,2025-11-10 14:00:00+05:30,55,224,1.0
2025-11-18,2025-11-12 10:00:00+05:30,2025-11-17 14:00:00+05:30,50,224,1.0
2025-12-09,2025-12-03 10:00:00+05:30,2025-12-08 14:00:00+05:30,52,224,1.0
2025-12-16,2025-12-10 10:00:00+05:30,2025-12-15 14:00:00+05:30,54,224,1.0
2025-12-23,2025-12-17 10:00:00+05:30,2025-12-22 14:00:00+05:30,53,224,1.0
2026-01-13,2026-01-07 10:00:00+05:30,2026-01-12 14:00:00+05:30,49,224,1.0
2026-01-20,2026-01-14 10:00:00+05:30,2026-01-19 14:00:00+05:30,58,224,1.0
2026-02-10,2026-02-04 10:00:00+05:30,2026-02-09 14:00:00+05:30,66,224,1.0
2026-02-17,2026-02-11 10:00:00+05:30,2026-02-16 14:00:00+05:30,51,224,1.0
2026-03-10,2026-03-04 10:00:00+05:30,2026-03-09 14:00:00+05:30,85,224,1.0
2026-03-17,2026-03-11 10:00:00+05:30,2026-03-16 14:00:00+05:30,81,208,0.9285714285714286
2026-03-24,2026-03-18 10:00:00+05:30,2026-03-23 14:00:00+05:30,81,224,1.0
2026-04-13,2026-04-08 10:00:00+05:30,2026-04-10 14:00:00+05:30,73,224,1.0
2026-04-21,2026-04-15 10:00:00+05:30,2026-04-20 14:00:00+05:30,56,224,1.0
2026-05-12,2026-05-06 10:00:00+05:30,2026-05-11 14:00:00+05:30,63,224,1.0
2026-05-19,2026-05-13 10:00:00+05:30,2026-05-18 14:00:00+05:30,72,224,1.0
