target_expiry,entry_spot,k1,k2,k3,valid
2024-01-11,21741.15,21750.0,21800.0,21900.0,True
2024-01-18,21754.2,21800.0,21850.0,21950.0,True
2024-02-08,21925.15,21950.0,22000.0,22250.0,True
2024-02-15,21678.25,21700.0,21750.0,22050.0,True
2024-02-22,22006.1,22050.0,22100.0,22350.0,True
2024-03-14,22464.9,22500.0,22550.0,22650.0,True
2024-03-21,21985.15,22000.0,22050.0,22300.0,True
2024-04-10,22488.15,22500.0,22550.0,22700.0,True
2024-04-18,22650.8,22700.0,22750.0,22850.0,True
2024-05-09,22767.7,22800.0,22850.0,23000.0,True
2024-05-16,22108.25,22150.0,22200.0,22450.0,True
2024-05-23,22407.2,22450.0,22500.0,22700.0,True
2024-06-13,22978.3,23000.0,23050.0,23500.0,True
2024-06-20,23406.95,23450.0,23500.0,23600.0,True
2024-07-11,24187.75,24200.0,24250.0,24400.0,True
2024-07-18,24381.25,24400.0,24450.0,24550.0,True
2024-08-08,24739.25,24750.0,24800.0,25050.0,True
2024-08-14,24373.3,24400.0,24450.0,24650.0,True
2024-08-22,24299.1,24300.0,24350.0,24550.0,True
2024-09-12,24993.65,25000.0,25050.0,25250.0,True
2024-09-19,25327.2,25350.0,25400.0,25550.0,True
2024-10-10,25279.3,25300.0,25350.0,25650.0,True
2024-10-17,24992.3,25000.0,25050.0,25300.0,True
2024-10-24,24645.45,24650.0,24700.0,24950.0,True
2024-11-14,24191.85,24200.0,24250.0,24500.0,True
2024-11-21,23405.85,23450.0,23500.0,23650.0,True
2024-12-12,24688.05,24700.0,24750.0,25150.0,True
2024-12-19,24382.45,24400.0,24450.0,24700.0,True
2025-02-20,23050.5,23100.0,23150.0,23400.0,True
2025-03-13,22548.85,22550.0,22600.0,22800.0,True
2025-03-20,22546.3,22550.0,22600.0,22700.0,True
2025-04-09,22992.05,23000.0,23050.0,23250.0,True
2025-04-17,22827.2,22850.0,22900.0,23450.0,True
2025-04-24,24031.35,24050.0,24100.0,24350.0,True
2025-05-15,24012.6,24050.0,24100.0,24500.0,True
2025-05-22,24991.55,25000.0,25050.0,25400.0,True
2025-06-12,24713.25,24750.0,24800.0,25150.0,True
2025-06-19,24641.2,24650.0,24700.0,25050.0,True
2025-07-10,25414.05,25450.0,25500.0,25700.0,True
2025-07-17,25287.05,25300.0,25350.0,25500.0,True
2025-07-24,25040.3,25050.0,25100.0,25250.0,True
2025-08-14,24477.15,24500.0,24550.0,24750.0,True
2025-08-21,25000.8,25050.0,25100.0,25250.0,True
2025-09-09,24578.4,24600.0,24650.0,24800.0,True
2025-09-16,25000.45,25050.0,25100.0,25250.0,True
2025-09-23,25320.35,25350.0,25400.0,25500.0,True
2025-10-14,25163.5,25200.0,25250.0,25350.0,True
2025-11-11,25629.3,25650.0,25700.0,25850.0,True
2025-11-18,25859.4,25900.0,25950.0,26150.0,True
2025-12-09,25951.5,26000.0,26050.0,26250.0,True
2025-12-16,25878.25,25900.0,25950.0,26100.0,True
2025-12-23,25868.35,25900.0,25950.0,26100.0,True
2026-01-13,26138.95,26150.0,26200.0,26300.0,True
2026-01-20,25729.6,25750.0,25800.0,26000.0,True
2026-02-10,25779.55,25800.0,25850.0,26200.0,True
2026-02-17,25943.2,25950.0,26000.0,26150.0,True
2026-03-10,24325.8,24350.0,24400.0,25100.0,True
2026-03-17,24154.6,24200.0,24250.0,24800.0,True
2026-03-24,23691.15,23700.0,23750.0,24200.0,True
2026-04-13,23898.8,23900.0,23950.0,24450.0,True
2026-04-21,24216.8,24250.0,24300.0,24700.0,True
2026-05-12,24140.6,24150.0,24200.0,24600.0,True
2026-05-19,23371.15,23400.0,23450.0,24000.0,True
