variant_id,target_expiry
ATM_NEAREST_MIRROR_GAP_K3M0.5,2026-01-13
ATM_NEAREST_MIRROR_GAP_K3M0.5,2026-02-10
ATM_NEAREST_MIRROR_GAP_K3M0.5,2026-03-10
ATM_NEAREST_MIRROR_GAP_K3M0.5,2026-04-13
ATM_NEAREST_MIRROR_GAP_K3M0.5,2026-05-12
ATM_NEAREST_MIRROR_GAP_K3M1,2026-01-13
ATM_NEAREST_MIRROR_GAP_K3M1,2026-02-10
ATM_NEAREST_MIRROR_GAP_K3M1,2026-03-10
ATM_NEAREST_MIRROR_GAP_K3M1,2026-04-13
ATM_NEAREST_MIRROR_GAP_K3M1,2026-05-12
ATM_NEAREST_MIRROR_GAP_K3M1.5,2026-01-13
ATM_NEAREST_MIRROR_GAP_K3M1.5,2026-02-10
ATM_NEAREST_MIRROR_GAP_K3M1.5,2026-03-10
ATM_NEAREST_MIRROR_GAP_K3M1.5,2026-04-13
ATM_NEAREST_MIRROR_GAP_K3M1.5,2026-05-12
ATM_NEAREST_MIRROR_GAP_K3M2,2026-01-13
ATM_NEAREST_MIRROR_GAP_K3M2,2026-02-10
ATM_NEAREST_MIRROR_GAP_K3M2,2026-03-10
ATM_NEAREST_MIRROR_GAP_K3M2,2026-04-13
ATM_NEAREST_MIRROR_GAP_K3M2,2026-05-12
ATM_NEAREST_MIRROR_GAP_K3M2.5,2026-01-13
ATM_NEAREST_MIRROR_GAP_K3M2.5,2026-02-10
ATM_NEAREST_MIRROR_GAP_K3M2.5,2026-03-10
ATM_NEAREST_MIRROR_GAP_K3M2.5,2026-04-13
ATM_NEAREST_MIRROR_GAP_K3M2.5,2026-05-12
ATM_NEAREST_MIRROR_GAP_K3M3,2026-01-13
ATM_NEAREST_MIRROR_GAP_K3M3,2026-02-10
ATM_NEAREST_MIRROR_GAP_K3M3,2026-03-10
ATM_NEAREST_MIRROR_GAP_K3M3,2026-04-13
ATM_NEAREST_MIRROR_GAP_K3M3,2026-05-12
ATM_NEAREST_MIRROR_GAP_K3M4,2026-01-13
ATM_NEAREST_MIRROR_GAP_K3M4,2026-02-10
ATM_NEAREST_MIRROR_GAP_K3M4,2026-03-10
ATM_NEAREST_MIRROR_GAP_K3M4,2026-04-13
ATM_NEAREST_MIRROR_GAP_K3M4,2026-05-12
ATM_NEAREST_NEXT1_K3M0.5,2026-01-13
ATM_NEAREST_NEXT1_K3M0.5,2026-02-10
ATM_NEAREST_NEXT1_K3M0.5,2026-03-10
ATM_NEAREST_NEXT1_K3M0.5,2026-04-13
ATM_NEAREST_NEXT1_K3M0.5,2026-05-12
ATM_NEAREST_NEXT1_K3M1,2026-01-13
ATM_NEAREST_NEXT1_K3M1,2026-02-10
ATM_NEAREST_NEXT1_K3M1,2026-03-10
ATM_NEAREST_NEXT1_K3M1,2026-04-13
ATM_NEAREST_NEXT1_K3M1,2026-05-12
ATM_NEAREST_NEXT1_K3M1.5,2026-01-13
ATM_NEAREST_NEXT1_K3M1.5,2026-02-10
ATM_NEAREST_NEXT1_K3M1.5,2026-03-10
ATM_NEAREST_NEXT1_K3M1.5,2026-04-13
ATM_NEAREST_NEXT1_K3M1.5,2026-05-12
ATM_NEAREST_NEXT1_K3M2,2026-01-13
ATM_NEAREST_NEXT1_K3M2,2026-02-10
ATM_NEAREST_NEXT1_K3M2,2026-03-10
ATM_NEAREST_NEXT1_K3M2,2026-04-13
ATM_NEAREST_NEXT1_K3M2,2026-05-12
ATM_NEAREST_NEXT1_K3M2.5,2026-01-13
ATM_NEAREST_NEXT1_K3M2.5,2026-02-10
ATM_NEAREST_NEXT1_K3M2.5,2026-03-10
ATM_NEAREST_NEXT1_K3M2.5,2026-04-13
ATM_NEAREST_NEXT1_K3M2.5,2026-05-12
ATM_NEAREST_NEXT1_K3M3,2026-01-13
ATM_NEAREST_NEXT1_K3M3,2026-02-10
ATM_NEAREST_NEXT1_K3M3,2026-03-10
ATM_NEAREST_NEXT1_K3M3,2026-04-13
ATM_NEAREST_NEXT1_K3M3,2026-05-12
ATM_NEAREST_NEXT1_K3M4,2026-01-13
ATM_NEAREST_NEXT1_K3M4,2026-02-10
ATM_NEAREST_NEXT1_K3M4,2026-03-10
ATM_NEAREST_NEXT1_K3M4,2026-04-13
ATM_NEAREST_NEXT1_K3M4,2026-05-12
ATM_NEAREST_NEXT2_K3M0.5,2026-01-13
ATM_NEAREST_NEXT2_K3M0.5,2026-02-10
ATM_NEAREST_NEXT2_K3M0.5,2026-03-10
ATM_NEAREST_NEXT2_K3M0.5,2026-04-13
ATM_NEAREST_NEXT2_K3M0.5,2026-05-12
ATM_NEAREST_NEXT2_K3M1,2026-01-13
ATM_NEAREST_NEXT2_K3M1,2026-02-10
ATM_NEAREST_NEXT2_K3M1,2026-03-10
ATM_NEAREST_NEXT2_K3M1,2026-04-13
ATM_NEAREST_NEXT2_K3M1,2026-05-12
ATM_NEAREST_NEXT2_K3M1.5,2026-01-13
ATM_NEAREST_NEXT2_K3M1.5,2026-02-10
ATM_NEAREST_NEXT2_K3M1.5,2026-03-10
ATM_NEAREST_NEXT2_K3M1.5,2026-04-13
ATM_NEAREST_NEXT2_K3M1.5,2026-05-12
ATM_NEAREST_NEXT2_K3M2,2026-01-13
ATM_NEAREST_NEXT2_K3M2,2026-02-10
ATM_NEAREST_NEXT2_K3M2,2026-03-10
ATM_NEAREST_NEXT2_K3M2,2026-04-13
ATM_NEAREST_NEXT2_K3M2,2026-05-12
ATM_NEAREST_NEXT2_K3M2.5,2026-01-13
ATM_NEAREST_NEXT2_K3M2.5,2026-02-10
ATM_NEAREST_NEXT2_K3M2.5,2026-03-10
ATM_NEAREST_NEXT2_K3M2.5,2026-04-13
ATM_NEAREST_NEXT2_K3M2.5,2026-05-12
ATM_NEAREST_NEXT2_K3M3,2026-01-13
ATM_NEAREST_NEXT2_K3M3,2026-02-10
ATM_NEAREST_NEXT2_K3M3,2026-03-10
ATM_NEAREST_NEXT2_K3M3,2026-04-13
ATM_NEAREST_NEXT2_K3M3,2026-05-12
ATM_NEAREST_NEXT2_K3M4,2026-01-13
ATM_NEAREST_NEXT2_K3M4,2026-02-10
ATM_NEAREST_NEXT2_K3M4,2026-03-10
ATM_NEAREST_NEXT2_K3M4,2026-04-13
ATM_NEAREST_NEXT2_K3M4,2026-05-12
ATM_NEAREST_NEXT3_K3M0.5,2026-01-13
ATM_NEAREST_NEXT3_K3M0.5,2026-02-10
ATM_NEAREST_NEXT3_K3M0.5,2026-03-10
ATM_NEAREST_NEXT3_K3M0.5,2026-04-13
ATM_NEAREST_NEXT3_K3M0.5,2026-05-12
ATM_NEAREST_NEXT3_K3M1,2026-01-13
ATM_NEAREST_NEXT3_K3M1,2026-02-10
ATM_NEAREST_NEXT3_K3M1,2026-03-10
ATM_NEAREST_NEXT3_K3M1,2026-04-13
ATM_NEAREST_NEXT3_K3M1,2026-05-12
ATM_NEAREST_NEXT3_K3M1.5,2026-01-13
ATM_NEAREST_NEXT3_K3M1.5,2026-02-10
ATM_NEAREST_NEXT3_K3M1.5,2026-03-10
ATM_NEAREST_NEXT3_K3M1.5,2026-04-13
ATM_NEAREST_NEXT3_K3M1.5,2026-05-12
ATM_NEAREST_NEXT3_K3M2,2026-01-13
ATM_NEAREST_NEXT3_K3M2,2026-02-10
ATM_NEAREST_NEXT3_K3M2,2026-03-10
ATM_NEAREST_NEXT3_K3M2,2026-04-13
ATM_NEAREST_NEXT3_K3M2,2026-05-12
ATM_NEAREST_NEXT3_K3M2.5,2026-01-13
ATM_NEAREST_NEXT3_K3M2.5,2026-02-10
ATM_NEAREST_NEXT3_K3M2.5,2026-03-10
ATM_NEAREST_NEXT3_K3M2.5,2026-04-13
ATM_NEAREST_NEXT3_K3M2.5,2026-05-12
ATM_NEAREST_NEXT3_K3M3,2026-01-13
ATM_NEAREST_NEXT3_K3M3,2026-02-10
ATM_NEAREST_NEXT3_K3M3,2026-03-10
ATM_NEAREST_NEXT3_K3M3,2026-04-13
ATM_NEAREST_NEXT3_K3M3,2026-05-12
ATM_NEAREST_NEXT3_K3M4,2026-01-13
ATM_NEAREST_NEXT3_K3M4,2026-02-10
ATM_NEAREST_NEXT3_K3M4,2026-03-10
ATM_NEAREST_NEXT3_K3M4,2026-04-13
ATM_NEAREST_NEXT3_K3M4,2026-05-12
ATM_UP_MIRROR_GAP_K3M0.5,2026-01-13
ATM_UP_MIRROR_GAP_K3M0.5,2026-02-10
ATM_UP_MIRROR_GAP_K3M0.5,2026-03-10
ATM_UP_MIRROR_GAP_K3M0.5,2026-04-13
ATM_UP_MIRROR_GAP_K3M0.5,2026-05-12
ATM_UP_MIRROR_GAP_K3M1,2026-01-13
ATM_UP_MIRROR_GAP_K3M1,2026-02-10
ATM_UP_MIRROR_GAP_K3M1,2026-03-10
ATM_UP_MIRROR_GAP_K3M1,2026-04-13
ATM_UP_MIRROR_GAP_K3M1,2026-05-12
ATM_UP_MIRROR_GAP_K3M1.5,2026-01-13
ATM_UP_MIRROR_GAP_K3M1.5,2026-02-10
ATM_UP_MIRROR_GAP_K3M1.5,2026-03-10
ATM_UP_MIRROR_GAP_K3M1.5,2026-04-13
ATM_UP_MIRROR_GAP_K3M1.5,2026-05-12
ATM_UP_MIRROR_GAP_K3M2,2026-01-13
ATM_UP_MIRROR_GAP_K3M2,2026-02-10
ATM_UP_MIRROR_GAP_K3M2,2026-03-10
ATM_UP_MIRROR_GAP_K3M2,2026-04-13
ATM_UP_MIRROR_GAP_K3M2,2026-05-12
ATM_UP_MIRROR_GAP_K3M2.5,2026-01-13
ATM_UP_MIRROR_GAP_K3M2.5,2026-02-10
ATM_UP_MIRROR_GAP_K3M2.5,2026-03-10
ATM_UP_MIRROR_GAP_K3M2.5,2026-04-13
ATM_UP_MIRROR_GAP_K3M2.5,2026-05-12
ATM_UP_MIRROR_GAP_K3M3,2026-01-13
ATM_UP_MIRROR_GAP_K3M3,2026-02-10
ATM_UP_MIRROR_GAP_K3M3,2026-03-10
ATM_UP_MIRROR_GAP_K3M3,2026-04-13
ATM_UP_MIRROR_GAP_K3M3,2026-05-12
ATM_UP_MIRROR_GAP_K3M4,2026-01-13
ATM_UP_MIRROR_GAP_K3M4,2026-02-10
ATM_UP_MIRROR_GAP_K3M4,2026-03-10
ATM_UP_MIRROR_GAP_K3M4,2026-04-13
ATM_UP_MIRROR_GAP_K3M4,2026-05-12
ATM_UP_NEXT1_K3M0.5,2026-01-13
ATM_UP_NEXT1_K3M0.5,2026-02-10
ATM_UP_NEXT1_K3M0.5,2026-03-10
ATM_UP_NEXT1_K3M0.5,2026-04-13
ATM_UP_NEXT1_K3M0.5,2026-05-12
ATM_UP_NEXT1_K3M1,2026-01-13
ATM_UP_NEXT1_K3M1,2026-02-10
ATM_UP_NEXT1_K3M1,2026-03-10
ATM_UP_NEXT1_K3M1,2026-04-13
ATM_UP_NEXT1_K3M1,2026-05-12
ATM_UP_NEXT1_K3M1.5,2026-01-13
ATM_UP_NEXT1_K3M1.5,2026-02-10
ATM_UP_NEXT1_K3M1.5,2026-03-10
ATM_UP_NEXT1_K3M1.5,2026-04-13
ATM_UP_NEXT1_K3M1.5,2026-05-12
ATM_UP_NEXT1_K3M2,2026-01-13
ATM_UP_NEXT1_K3M2,2026-02-10
ATM_UP_NEXT1_K3M2,2026-03-10
ATM_UP_NEXT1_K3M2,2026-04-13
ATM_UP_NEXT1_K3M2,2026-05-12
ATM_UP_NEXT1_K3M2.5,2026-01-13
ATM_UP_NEXT1_K3M2.5,2026-02-10
ATM_UP_NEXT1_K3M2.5,2026-03-10
ATM_UP_NEXT1_K3M2.5,2026-04-13
ATM_UP_NEXT1_K3M2.5,2026-05-12
ATM_UP_NEXT1_K3M3,2026-01-13
ATM_UP_NEXT1_K3M3,2026-02-10
ATM_UP_NEXT1_K3M3,2026-03-10
ATM_UP_NEXT1_K3M3,2026-04-13
ATM_UP_NEXT1_K3M3,2026-05-12
ATM_UP_NEXT1_K3M4,2026-01-13
ATM_UP_NEXT1_K3M4,2026-02-10
ATM_UP_NEXT1_K3M4,2026-03-10
ATM_UP_NEXT1_K3M4,2026-04-13
ATM_UP_NEXT1_K3M4,2026-05-12
ATM_UP_NEXT2_K3M0.5,2026-01-13
ATM_UP_NEXT2_K3M0.5,2026-02-10
ATM_UP_NEXT2_K3M0.5,2026-03-10
ATM_UP_NEXT2_K3M0.5,2026-04-13
ATM_UP_NEXT2_K3M0.5,2026-05-12
ATM_UP_NEXT2_K3M1,2026-01-13
ATM_UP_NEXT2_K3M1,2026-02-10
ATM_UP_NEXT2_K3M1,2026-03-10
ATM_UP_NEXT2_K3M1,2026-04-13
ATM_UP_NEXT2_K3M1,2026-05-12
ATM_UP_NEXT2_K3M1.5,2026-01-13
ATM_UP_NEXT2_K3M1.5,2026-02-10
ATM_UP_NEXT2_K3M1.5,2026-03-10
ATM_UP_NEXT2_K3M1.5,2026-04-13
ATM_UP_NEXT2_K3M1.5,2026-05-12
ATM_UP_NEXT2_K3M2,2026-01-13
ATM_UP_NEXT2_K3M2,2026-02-10
ATM_UP_NEXT2_K3M2,2026-03-10
ATM_UP_NEXT2_K3M2,2026-04-13
ATM_UP_NEXT2_K3M2,2026-05-12
ATM_UP_NEXT2_K3M2.5,2026-01-13
ATM_UP_NEXT2_K3M2.5,2026-02-10
ATM_UP_NEXT2_K3M2.5,2026-03-10
ATM_UP_NEXT2_K3M2.5,2026-04-13
ATM_UP_NEXT2_K3M2.5,2026-05-12
ATM_UP_NEXT2_K3M3,2026-01-13
ATM_UP_NEXT2_K3M3,2026-02-10
ATM_UP_NEXT2_K3M3,2026-03-10
ATM_UP_NEXT2_K3M3,2026-04-13
ATM_UP_NEXT2_K3M3,2026-05-12
ATM_UP_NEXT2_K3M4,2026-01-13
ATM_UP_NEXT2_K3M4,2026-02-10
ATM_UP_NEXT2_K3M4,2026-03-10
ATM_UP_NEXT2_K3M4,2026-04-13
ATM_UP_NEXT2_K3M4,2026-05-12
ATM_UP_NEXT3_K3M0.5,2026-01-13
ATM_UP_NEXT3_K3M0.5,2026-02-10
ATM_UP_NEXT3_K3M0.5,2026-03-10
ATM_UP_NEXT3_K3M0.5,2026-04-13
ATM_UP_NEXT3_K3M0.5,2026-05-12
ATM_UP_NEXT3_K3M1,2026-01-13
ATM_UP_NEXT3_K3M1,2026-02-10
ATM_UP_NEXT3_K3M1,2026-03-10
ATM_UP_NEXT3_K3M1,2026-04-13
ATM_UP_NEXT3_K3M1,2026-05-12
ATM_UP_NEXT3_K3M1.5,2026-01-13
ATM_UP_NEXT3_K3M1.5,2026-02-10
ATM_UP_NEXT3_K3M1.5,2026-03-10
ATM_UP_NEXT3_K3M1.5,2026-04-13
ATM_UP_NEXT3_K3M1.5,2026-05-12
ATM_UP_NEXT3_K3M2,2026-01-13
ATM_UP_NEXT3_K3M2,2026-02-10
ATM_UP_NEXT3_K3M2,2026-03-10
ATM_UP_NEXT3_K3M2,2026-04-13
ATM_UP_NEXT3_K3M2,2026-05-12
ATM_UP_NEXT3_K3M2.5,2026-01-13
ATM_UP_NEXT3_K3M2.5,2026-02-10
ATM_UP_NEXT3_K3M2.5,2026-03-10
ATM_UP_NEXT3_K3M2.5,2026-04-13
ATM_UP_NEXT3_K3M2.5,2026-05-12
ATM_UP_NEXT3_K3M3,2026-01-13
ATM_UP_NEXT3_K3M3,2026-02-10
ATM_UP_NEXT3_K3M3,2026-03-10
ATM_UP_NEXT3_K3M3,2026-04-13
ATM_UP_NEXT3_K3M3,2026-05-12
ATM_UP_NEXT3_K3M4,2026-01-13
ATM_UP_NEXT3_K3M4,2026-02-10
ATM_UP_NEXT3_K3M4,2026-03-10
ATM_UP_NEXT3_K3M4,2026-04-13
ATM_UP_NEXT3_K3M4,2026-05-12
ITM1_MIRROR_GAP_K3M0.5,2026-01-13
ITM1_MIRROR_GAP_K3M0.5,2026-02-10
ITM1_MIRROR_GAP_K3M0.5,2026-03-10
ITM1_MIRROR_GAP_K3M0.5,2026-04-13
ITM1_MIRROR_GAP_K3M0.5,2026-05-12
ITM1_MIRROR_GAP_K3M1,2026-01-13
ITM1_MIRROR_GAP_K3M1,2026-02-10
ITM1_MIRROR_GAP_K3M1,2026-03-10
ITM1_MIRROR_GAP_K3M1,2026-04-13
ITM1_MIRROR_GAP_K3M1,2026-05-12
ITM1_MIRROR_GAP_K3M1.5,2026-01-13
ITM1_MIRROR_GAP_K3M1.5,2026-02-10
ITM1_MIRROR_GAP_K3M1.5,2026-03-10
ITM1_MIRROR_GAP_K3M1.5,2026-04-13
ITM1_MIRROR_GAP_K3M1.5,2026-05-12
ITM1_MIRROR_GAP_K3M2,2026-01-13
ITM1_MIRROR_GAP_K3M2,2026-02-10
ITM1_MIRROR_GAP_K3M2,2026-03-10
ITM1_MIRROR_GAP_K3M2,2026-04-13
ITM1_MIRROR_GAP_K3M2,2026-05-12
ITM1_MIRROR_GAP_K3M2.5,2026-01-13
ITM1_MIRROR_GAP_K3M2.5,2026-02-10
ITM1_MIRROR_GAP_K3M2.5,2026-03-10
ITM1_MIRROR_GAP_K3M2.5,2026-04-13
ITM1_MIRROR_GAP_K3M2.5,2026-05-12
ITM1_MIRROR_GAP_K3M3,2026-01-13
ITM1_MIRROR_GAP_K3M3,2026-02-10
ITM1_MIRROR_GAP_K3M3,2026-03-10
ITM1_MIRROR_GAP_K3M3,2026-04-13
ITM1_MIRROR_GAP_K3M3,2026-05-12
ITM1_MIRROR_GAP_K3M4,2026-01-13
ITM1_MIRROR_GAP_K3M4,2026-02-10
ITM1_MIRROR_GAP_K3M4,2026-03-10
ITM1_MIRROR_GAP_K3M4,2026-04-13
ITM1_MIRROR_GAP_K3M4,2026-05-12
ITM1_NEXT1_K3M0.5,2026-01-13
ITM1_NEXT1_K3M0.5,2026-02-10
ITM1_NEXT1_K3M0.5,2026-03-10
ITM1_NEXT1_K3M0.5,2026-04-13
ITM1_NEXT1_K3M0.5,2026-05-12
ITM1_NEXT1_K3M1,2026-01-13
ITM1_NEXT1_K3M1,2026-02-10
ITM1_NEXT1_K3M1,2026-03-10
ITM1_NEXT1_K3M1,2026-04-13
ITM1_NEXT1_K3M1,2026-05-12
ITM1_NEXT1_K3M1.5,2026-01-13
ITM1_NEXT1_K3M1.5,2026-02-10
ITM1_NEXT1_K3M1.5,2026-03-10
ITM1_NEXT1_K3M1.5,2026-04-13
ITM1_NEXT1_K3M1.5,2026-05-12
ITM1_NEXT1_K3M2,2026-01-13
ITM1_NEXT1_K3M2,2026-02-10
ITM1_NEXT1_K3M2,2026-03-10
ITM1_NEXT1_K3M2,2026-04-13
ITM1_NEXT1_K3M2,2026-05-12
ITM1_NEXT1_K3M2.5,2026-01-13
ITM1_NEXT1_K3M2.5,2026-02-10
ITM1_NEXT1_K3M2.5,2026-03-10
ITM1_NEXT1_K3M2.5,2026-04-13
ITM1_NEXT1_K3M2.5,2026-05-12
ITM1_NEXT1_K3M3,2026-01-13
ITM1_NEXT1_K3M3,2026-02-10
ITM1_NEXT1_K3M3,2026-03-10
ITM1_NEXT1_K3M3,2026-04-13
ITM1_NEXT1_K3M3,2026-05-12
ITM1_NEXT1_K3M4,2026-01-13
ITM1_NEXT1_K3M4,2026-02-10
ITM1_NEXT1_K3M4,2026-03-10
ITM1_NEXT1_K3M4,2026-04-13
ITM1_NEXT1_K3M4,2026-05-12
ITM1_NEXT2_K3M0.5,2026-01-13
ITM1_NEXT2_K3M0.5,2026-02-10
ITM1_NEXT2_K3M0.5,2026-03-10
ITM1_NEXT2_K3M0.5,2026-04-13
ITM1_NEXT2_K3M0.5,2026-05-12
ITM1_NEXT2_K3M1,2026-01-13
ITM1_NEXT2_K3M1,2026-02-10
ITM1_NEXT2_K3M1,2026-03-10
ITM1_NEXT2_K3M1,2026-04-13
ITM1_NEXT2_K3M1,2026-05-12
ITM1_NEXT2_K3M1.5,2026-01-13
ITM1_NEXT2_K3M1.5,2026-02-10
ITM1_NEXT2_K3M1.5,2026-03-10
ITM1_NEXT2_K3M1.5,2026-04-13
ITM1_NEXT2_K3M1.5,2026-05-12
ITM1_NEXT2_K3M2,2026-01-13
ITM1_NEXT2_K3M2,2026-02-10
ITM1_NEXT2_K3M2,2026-03-10
ITM1_NEXT2_K3M2,2026-04-13
ITM1_NEXT2_K3M2,2026-05-12
ITM1_NEXT2_K3M2.5,2026-01-13
ITM1_NEXT2_K3M2.5,2026-02-10
ITM1_NEXT2_K3M2.5,2026-03-10
ITM1_NEXT2_K3M2.5,2026-04-13
ITM1_NEXT2_K3M2.5,2026-05-12
ITM1_NEXT2_K3M3,2026-01-13
ITM1_NEXT2_K3M3,2026-02-10
ITM1_NEXT2_K3M3,2026-03-10
ITM1_NEXT2_K3M3,2026-04-13
ITM1_NEXT2_K3M3,2026-05-12
ITM1_NEXT2_K3M4,2026-01-13
ITM1_NEXT2_K3M4,2026-02-10
ITM1_NEXT2_K3M4,2026-03-10
ITM1_NEXT2_K3M4,2026-04-13
ITM1_NEXT2_K3M4,2026-05-12
ITM1_NEXT3_K3M0.5,2026-01-13
ITM1_NEXT3_K3M0.5,2026-02-10
ITM1_NEXT3_K3M0.5,2026-03-10
ITM1_NEXT3_K3M0.5,2026-04-13
ITM1_NEXT3_K3M0.5,2026-05-12
ITM1_NEXT3_K3M1,2026-01-13
ITM1_NEXT3_K3M1,2026-02-10
ITM1_NEXT3_K3M1,2026-03-10
ITM1_NEXT3_K3M1,2026-04-13
ITM1_NEXT3_K3M1,2026-05-12
ITM1_NEXT3_K3M1.5,2026-01-13
ITM1_NEXT3_K3M1.5,2026-02-10
ITM1_NEXT3_K3M1.5,2026-03-10
ITM1_NEXT3_K3M1.5,2026-04-13
ITM1_NEXT3_K3M1.5,2026-05-12
ITM1_NEXT3_K3M2,2026-01-13
ITM1_NEXT3_K3M2,2026-02-10
ITM1_NEXT3_K3M2,2026-03-10
ITM1_NEXT3_K3M2,2026-04-13
ITM1_NEXT3_K3M2,2026-05-12
ITM1_NEXT3_K3M2.5,2026-01-13
ITM1_NEXT3_K3M2.5,2026-02-10
ITM1_NEXT3_K3M2.5,2026-03-10
ITM1_NEXT3_K3M2.5,2026-04-13
ITM1_NEXT3_K3M2.5,2026-05-12
ITM1_NEXT3_K3M3,2026-01-13
ITM1_NEXT3_K3M3,2026-02-10
ITM1_NEXT3_K3M3,2026-03-10
ITM1_NEXT3_K3M3,2026-04-13
ITM1_NEXT3_K3M3,2026-05-12
ITM1_NEXT3_K3M4,2026-01-13
ITM1_NEXT3_K3M4,2026-02-10
ITM1_NEXT3_K3M4,2026-03-10
ITM1_NEXT3_K3M4,2026-04-13
ITM1_NEXT3_K3M4,2026-05-12
ITM2_MIRROR_GAP_K3M0.5,2026-01-13
ITM2_MIRROR_GAP_K3M0.5,2026-02-10
ITM2_MIRROR_GAP_K3M0.5,2026-03-10
ITM2_MIRROR_GAP_K3M0.5,2026-04-13
ITM2_MIRROR_GAP_K3M0.5,2026-05-12
ITM2_MIRROR_GAP_K3M1,2026-01-13
ITM2_MIRROR_GAP_K3M1,2026-02-10
ITM2_MIRROR_GAP_K3M1,2026-03-10
ITM2_MIRROR_GAP_K3M1,2026-04-13
ITM2_MIRROR_GAP_K3M1,2026-05-12
ITM2_MIRROR_GAP_K3M1.5,2026-01-13
ITM2_MIRROR_GAP_K3M1.5,2026-02-10
ITM2_MIRROR_GAP_K3M1.5,2026-03-10
ITM2_MIRROR_GAP_K3M1.5,2026-04-13
ITM2_MIRROR_GAP_K3M1.5,2026-05-12
ITM2_MIRROR_GAP_K3M2,2026-01-13
ITM2_MIRROR_GAP_K3M2,2026-02-10
ITM2_MIRROR_GAP_K3M2,2026-03-10
ITM2_MIRROR_GAP_K3M2,2026-04-13
ITM2_MIRROR_GAP_K3M2,2026-05-12
ITM2_MIRROR_GAP_K3M2.5,2026-01-13
ITM2_MIRROR_GAP_K3M2.5,2026-02-10
ITM2_MIRROR_GAP_K3M2.5,2026-03-10
ITM2_MIRROR_GAP_K3M2.5,2026-04-13
ITM2_MIRROR_GAP_K3M2.5,2026-05-12
ITM2_MIRROR_GAP_K3M3,2026-01-13
ITM2_MIRROR_GAP_K3M3,2026-02-10
ITM2_MIRROR_GAP_K3M3,2026-03-10
ITM2_MIRROR_GAP_K3M3,2026-04-13
ITM2_MIRROR_GAP_K3M3,2026-05-12
ITM2_MIRROR_GAP_K3M4,2026-01-13
ITM2_MIRROR_GAP_K3M4,2026-02-10
ITM2_MIRROR_GAP_K3M4,2026-03-10
ITM2_MIRROR_GAP_K3M4,2026-04-13
ITM2_MIRROR_GAP_K3M4,2026-05-12
ITM2_NEXT1_K3M0.5,2026-01-13
ITM2_NEXT1_K3M0.5,2026-02-10
ITM2_NEXT1_K3M0.5,2026-03-10
ITM2_NEXT1_K3M0.5,2026-04-13
ITM2_NEXT1_K3M0.5,2026-05-12
ITM2_NEXT1_K3M1,2026-01-13
ITM2_NEXT1_K3M1,2026-02-10
ITM2_NEXT1_K3M1,2026-03-10
ITM2_NEXT1_K3M1,2026-04-13
ITM2_NEXT1_K3M1,2026-05-12
ITM2_NEXT1_K3M1.5,2026-01-13
ITM2_NEXT1_K3M1.5,2026-02-10
ITM2_NEXT1_K3M1.5,2026-03-10
ITM2_NEXT1_K3M1.5,2026-04-13
ITM2_NEXT1_K3M1.5,2026-05-12
ITM2_NEXT1_K3M2,2026-01-13
ITM2_NEXT1_K3M2,2026-02-10
ITM2_NEXT1_K3M2,2026-03-10
ITM2_NEXT1_K3M2,2026-04-13
ITM2_NEXT1_K3M2,2026-05-12
ITM2_NEXT1_K3M2.5,2026-01-13
ITM2_NEXT1_K3M2.5,2026-02-10
ITM2_NEXT1_K3M2.5,2026-03-10
ITM2_NEXT1_K3M2.5,2026-04-13
ITM2_NEXT1_K3M2.5,2026-05-12
ITM2_NEXT1_K3M3,2026-01-13
ITM2_NEXT1_K3M3,2026-02-10
ITM2_NEXT1_K3M3,2026-03-10
ITM2_NEXT1_K3M3,2026-04-13
ITM2_NEXT1_K3M3,2026-05-12
ITM2_NEXT1_K3M4,2026-01-13
ITM2_NEXT1_K3M4,2026-02-10
ITM2_NEXT1_K3M4,2026-03-10
ITM2_NEXT1_K3M4,2026-04-13
ITM2_NEXT1_K3M4,2026-05-12
ITM2_NEXT2_K3M0.5,2026-01-13
ITM2_NEXT2_K3M0.5,2026-02-10
ITM2_NEXT2_K3M0.5,2026-03-10
ITM2_NEXT2_K3M0.5,2026-04-13
ITM2_NEXT2_K3M0.5,2026-05-12
ITM2_NEXT2_K3M1,2026-01-13
ITM2_NEXT2_K3M1,2026-02-10
ITM2_NEXT2_K3M1,2026-03-10
ITM2_NEXT2_K3M1,2026-04-13
ITM2_NEXT2_K3M1,2026-05-12
ITM2_NEXT2_K3M1.5,2026-01-13
ITM2_NEXT2_K3M1.5,2026-02-10
ITM2_NEXT2_K3M1.5,2026-03-10
ITM2_NEXT2_K3M1.5,2026-04-13
ITM2_NEXT2_K3M1.5,2026-05-12
ITM2_NEXT2_K3M2,2026-01-13
ITM2_NEXT2_K3M2,2026-02-10
ITM2_NEXT2_K3M2,2026-03-10
ITM2_NEXT2_K3M2,2026-04-13
ITM2_NEXT2_K3M2,2026-05-12
ITM2_NEXT2_K3M2.5,2026-01-13
ITM2_NEXT2_K3M2.5,2026-02-10
ITM2_NEXT2_K3M2.5,2026-03-10
ITM2_NEXT2_K3M2.5,2026-04-13
ITM2_NEXT2_K3M2.5,2026-05-12
ITM2_NEXT2_K3M3,2026-01-13
ITM2_NEXT2_K3M3,2026-02-10
ITM2_NEXT2_K3M3,2026-03-10
ITM2_NEXT2_K3M3,2026-04-13
ITM2_NEXT2_K3M3,2026-05-12
ITM2_NEXT2_K3M4,2026-01-13
ITM2_NEXT2_K3M4,2026-02-10
ITM2_NEXT2_K3M4,2026-03-10
ITM2_NEXT2_K3M4,2026-04-13
ITM2_NEXT2_K3M4,2026-05-12
ITM2_NEXT3_K3M0.5,2026-01-13
ITM2_NEXT3_K3M0.5,2026-02-10
ITM2_NEXT3_K3M0.5,2026-03-10
ITM2_NEXT3_K3M0.5,2026-04-13
ITM2_NEXT3_K3M0.5,2026-05-12
ITM2_NEXT3_K3M1,2026-01-13
ITM2_NEXT3_K3M1,2026-02-10
ITM2_NEXT3_K3M1,2026-03-10
ITM2_NEXT3_K3M1,2026-04-13
ITM2_NEXT3_K3M1,2026-05-12
ITM2_NEXT3_K3M1.5,2026-01-13
ITM2_NEXT3_K3M1.5,2026-02-10
ITM2_NEXT3_K3M1.5,2026-03-10
ITM2_NEXT3_K3M1.5,2026-04-13
ITM2_NEXT3_K3M1.5,2026-05-12
ITM2_NEXT3_K3M2,2026-01-13
ITM2_NEXT3_K3M2,2026-02-10
ITM2_NEXT3_K3M2,2026-03-10
ITM2_NEXT3_K3M2,2026-04-13
ITM2_NEXT3_K3M2,2026-05-12
ITM2_NEXT3_K3M2.5,2026-01-13
ITM2_NEXT3_K3M2.5,2026-02-10
ITM2_NEXT3_K3M2.5,2026-03-10
ITM2_NEXT3_K3M2.5,2026-04-13
ITM2_NEXT3_K3M2.5,2026-05-12
ITM2_NEXT3_K3M3,2026-01-13
ITM2_NEXT3_K3M3,2026-02-10
ITM2_NEXT3_K3M3,2026-03-10
ITM2_NEXT3_K3M3,2026-04-13
ITM2_NEXT3_K3M3,2026-05-12
ITM2_NEXT3_K3M4,2026-01-13
ITM2_NEXT3_K3M4,2026-02-10
ITM2_NEXT3_K3M4,2026-03-10
ITM2_NEXT3_K3M4,2026-04-13
ITM2_NEXT3_K3M4,2026-05-12
ITM3_MIRROR_GAP_K3M0.5,2026-01-13
ITM3_MIRROR_GAP_K3M0.5,2026-02-10
ITM3_MIRROR_GAP_K3M0.5,2026-03-10
ITM3_MIRROR_GAP_K3M0.5,2026-04-13
ITM3_MIRROR_GAP_K3M0.5,2026-05-12
ITM3_MIRROR_GAP_K3M1,2026-01-13
ITM3_MIRROR_GAP_K3M1,2026-02-10
ITM3_MIRROR_GAP_K3M1,2026-03-10
ITM3_MIRROR_GAP_K3M1,2026-04-13
ITM3_MIRROR_GAP_K3M1,2026-05-12
ITM3_MIRROR_GAP_K3M1.5,2026-01-13
ITM3_MIRROR_GAP_K3M1.5,2026-02-10
ITM3_MIRROR_GAP_K3M1.5,2026-03-10
ITM3_MIRROR_GAP_K3M1.5,2026-04-13
ITM3_MIRROR_GAP_K3M1.5,2026-05-12
ITM3_MIRROR_GAP_K3M2,2026-01-13
ITM3_MIRROR_GAP_K3M2,2026-02-10
ITM3_MIRROR_GAP_K3M2,2026-03-10
ITM3_MIRROR_GAP_K3M2,2026-04-13
ITM3_MIRROR_GAP_K3M2,2026-05-12
ITM3_MIRROR_GAP_K3M2.5,2026-01-13
ITM3_MIRROR_GAP_K3M2.5,2026-02-10
ITM3_MIRROR_GAP_K3M2.5,2026-03-10
ITM3_MIRROR_GAP_K3M2.5,2026-04-13
ITM3_MIRROR_GAP_K3M2.5,2026-05-12
ITM3_MIRROR_GAP_K3M3,2026-01-13
ITM3_MIRROR_GAP_K3M3,2026-02-10
ITM3_MIRROR_GAP_K3M3,2026-03-10
ITM3_MIRROR_GAP_K3M3,2026-04-13
ITM3_MIRROR_GAP_K3M3,2026-05-12
ITM3_MIRROR_GAP_K3M4,2026-01-13
ITM3_MIRROR_GAP_K3M4,2026-02-10
ITM3_MIRROR_GAP_K3M4,2026-03-10
ITM3_MIRROR_GAP_K3M4,2026-04-13
ITM3_MIRROR_GAP_K3M4,2026-05-12
ITM3_NEXT1_K3M0.5,2026-01-13
ITM3_NEXT1_K3M0.5,2026-02-10
ITM3_NEXT1_K3M0.5,2026-03-10
ITM3_NEXT1_K3M0.5,2026-04-13
ITM3_NEXT1_K3M0.5,2026-05-12
ITM3_NEXT1_K3M1,2026-01-13
ITM3_NEXT1_K3M1,2026-02-10
ITM3_NEXT1_K3M1,2026-03-10
ITM3_NEXT1_K3M1,2026-04-13
ITM3_NEXT1_K3M1,2026-05-12
ITM3_NEXT1_K3M1.5,2026-01-13
ITM3_NEXT1_K3M1.5,2026-02-10
ITM3_NEXT1_K3M1.5,2026-03-10
ITM3_NEXT1_K3M1.5,2026-04-13
ITM3_NEXT1_K3M1.5,2026-05-12
ITM3_NEXT1_K3M2,2026-01-13
ITM3_NEXT1_K3M2,2026-02-10
ITM3_NEXT1_K3M2,2026-03-10
ITM3_NEXT1_K3M2,2026-04-13
ITM3_NEXT1_K3M2,2026-05-12
ITM3_NEXT1_K3M2.5,2026-01-13
ITM3_NEXT1_K3M2.5,2026-02-10
ITM3_NEXT1_K3M2.5,2026-03-10
ITM3_NEXT1_K3M2.5,2026-04-13
ITM3_NEXT1_K3M2.5,2026-05-12
ITM3_NEXT1_K3M3,2026-01-13
ITM3_NEXT1_K3M3,2026-02-10
ITM3_NEXT1_K3M3,2026-03-10
ITM3_NEXT1_K3M3,2026-04-13
ITM3_NEXT1_K3M3,2026-05-12
ITM3_NEXT1_K3M4,2026-01-13
ITM3_NEXT1_K3M4,2026-02-10
ITM3_NEXT1_K3M4,2026-03-10
ITM3_NEXT1_K3M4,2026-04-13
ITM3_NEXT1_K3M4,2026-05-12
ITM3_NEXT2_K3M0.5,2026-01-13
ITM3_NEXT2_K3M0.5,2026-02-10
ITM3_NEXT2_K3M0.5,2026-03-10
ITM3_NEXT2_K3M0.5,2026-04-13
ITM3_NEXT2_K3M0.5,2026-05-12
ITM3_NEXT2_K3M1,2026-01-13
ITM3_NEXT2_K3M1,2026-02-10
ITM3_NEXT2_K3M1,2026-03-10
ITM3_NEXT2_K3M1,2026-04-13
ITM3_NEXT2_K3M1,2026-05-12
ITM3_NEXT2_K3M1.5,2026-01-13
ITM3_NEXT2_K3M1.5,2026-02-10
ITM3_NEXT2_K3M1.5,2026-03-10
ITM3_NEXT2_K3M1.5,2026-04-13
ITM3_NEXT2_K3M1.5,2026-05-12
ITM3_NEXT2_K3M2,2026-01-13
ITM3_NEXT2_K3M2,2026-02-10
ITM3_NEXT2_K3M2,2026-03-10
ITM3_NEXT2_K3M2,2026-04-13
ITM3_NEXT2_K3M2,2026-05-12
ITM3_NEXT2_K3M2.5,2026-01-13
ITM3_NEXT2_K3M2.5,2026-02-10
ITM3_NEXT2_K3M2.5,2026-03-10
ITM3_NEXT2_K3M2.5,2026-04-13
ITM3_NEXT2_K3M2.5,2026-05-12
ITM3_NEXT2_K3M3,2026-01-13
ITM3_NEXT2_K3M3,2026-02-10
ITM3_NEXT2_K3M3,2026-03-10
ITM3_NEXT2_K3M3,2026-04-13
ITM3_NEXT2_K3M3,2026-05-12
ITM3_NEXT2_K3M4,2026-01-13
ITM3_NEXT2_K3M4,2026-02-10
ITM3_NEXT2_K3M4,2026-03-10
ITM3_NEXT2_K3M4,2026-04-13
ITM3_NEXT2_K3M4,2026-05-12
ITM3_NEXT3_K3M0.5,2026-01-13
ITM3_NEXT3_K3M0.5,2026-02-10
ITM3_NEXT3_K3M0.5,2026-03-10
ITM3_NEXT3_K3M0.5,2026-04-13
ITM3_NEXT3_K3M0.5,2026-05-12
ITM3_NEXT3_K3M1,2026-01-13
ITM3_NEXT3_K3M1,2026-02-10
ITM3_NEXT3_K3M1,2026-03-10
ITM3_NEXT3_K3M1,2026-04-13
ITM3_NEXT3_K3M1,2026-05-12
ITM3_NEXT3_K3M1.5,2026-01-13
ITM3_NEXT3_K3M1.5,2026-02-10
ITM3_NEXT3_K3M1.5,2026-03-10
ITM3_NEXT3_K3M1.5,2026-04-13
ITM3_NEXT3_K3M1.5,2026-05-12
ITM3_NEXT3_K3M2,2026-01-13
ITM3_NEXT3_K3M2,2026-02-10
ITM3_NEXT3_K3M2,2026-03-10
ITM3_NEXT3_K3M2,2026-04-13
ITM3_NEXT3_K3M2,2026-05-12
ITM3_NEXT3_K3M2.5,2026-01-13
ITM3_NEXT3_K3M2.5,2026-02-10
ITM3_NEXT3_K3M2.5,2026-03-10
ITM3_NEXT3_K3M2.5,2026-04-13
ITM3_NEXT3_K3M2.5,2026-05-12
ITM3_NEXT3_K3M3,2026-01-13
ITM3_NEXT3_K3M3,2026-02-10
ITM3_NEXT3_K3M3,2026-03-10
ITM3_NEXT3_K3M3,2026-04-13
ITM3_NEXT3_K3M3,2026-05-12
ITM3_NEXT3_K3M4,2026-01-13
ITM3_NEXT3_K3M4,2026-02-10
ITM3_NEXT3_K3M4,2026-03-10
ITM3_NEXT3_K3M4,2026-04-13
ITM3_NEXT3_K3M4,2026-05-12
OTM1_MIRROR_GAP_K3M0.5,2026-01-13
OTM1_MIRROR_GAP_K3M0.5,2026-02-10
OTM1_MIRROR_GAP_K3M0.5,2026-03-10
OTM1_MIRROR_GAP_K3M0.5,2026-04-13
OTM1_MIRROR_GAP_K3M0.5,2026-05-12
OTM1_MIRROR_GAP_K3M1,2026-01-13
OTM1_MIRROR_GAP_K3M1,2026-02-10
OTM1_MIRROR_GAP_K3M1,2026-03-10
OTM1_MIRROR_GAP_K3M1,2026-04-13
OTM1_MIRROR_GAP_K3M1,2026-05-12
OTM1_MIRROR_GAP_K3M1.5,2026-01-13
OTM1_MIRROR_GAP_K3M1.5,2026-02-10
OTM1_MIRROR_GAP_K3M1.5,2026-03-10
OTM1_MIRROR_GAP_K3M1.5,2026-04-13
OTM1_MIRROR_GAP_K3M1.5,2026-05-12
OTM1_MIRROR_GAP_K3M2,2026-01-13
OTM1_MIRROR_GAP_K3M2,2026-02-10
OTM1_MIRROR_GAP_K3M2,2026-03-10
OTM1_MIRROR_GAP_K3M2,2026-04-13
OTM1_MIRROR_GAP_K3M2,2026-05-12
OTM1_MIRROR_GAP_K3M2.5,2026-01-13
OTM1_MIRROR_GAP_K3M2.5,2026-02-10
OTM1_MIRROR_GAP_K3M2.5,2026-03-10
OTM1_MIRROR_GAP_K3M2.5,2026-04-13
OTM1_MIRROR_GAP_K3M2.5,2026-05-12
OTM1_MIRROR_GAP_K3M3,2026-01-13
OTM1_MIRROR_GAP_K3M3,2026-02-10
OTM1_MIRROR_GAP_K3M3,2026-03-10
OTM1_MIRROR_GAP_K3M3,2026-04-13
OTM1_MIRROR_GAP_K3M3,2026-05-12
OTM1_MIRROR_GAP_K3M4,2026-01-13
OTM1_MIRROR_GAP_K3M4,2026-02-10
OTM1_MIRROR_GAP_K3M4,2026-03-10
OTM1_MIRROR_GAP_K3M4,2026-04-13
OTM1_MIRROR_GAP_K3M4,2026-05-12
OTM1_NEXT1_K3M0.5,2026-01-13
OTM1_NEXT1_K3M0.5,2026-02-10
OTM1_NEXT1_K3M0.5,2026-03-10
OTM1_NEXT1_K3M0.5,2026-04-13
OTM1_NEXT1_K3M0.5,2026-05-12
OTM1_NEXT1_K3M1,2026-01-13
OTM1_NEXT1_K3M1,2026-02-10
OTM1_NEXT1_K3M1,2026-03-10
OTM1_NEXT1_K3M1,2026-04-13
OTM1_NEXT1_K3M1,2026-05-12
OTM1_NEXT1_K3M1.5,2026-01-13
OTM1_NEXT1_K3M1.5,2026-02-10
OTM1_NEXT1_K3M1.5,2026-03-10
OTM1_NEXT1_K3M1.5,2026-04-13
OTM1_NEXT1_K3M1.5,2026-05-12
OTM1_NEXT1_K3M2,2026-01-13
OTM1_NEXT1_K3M2,2026-02-10
OTM1_NEXT1_K3M2,2026-03-10
OTM1_NEXT1_K3M2,2026-04-13
OTM1_NEXT1_K3M2,2026-05-12
OTM1_NEXT1_K3M2.5,2026-01-13
OTM1_NEXT1_K3M2.5,2026-02-10
OTM1_NEXT1_K3M2.5,2026-03-10
OTM1_NEXT1_K3M2.5,2026-04-13
OTM1_NEXT1_K3M2.5,2026-05-12
OTM1_NEXT1_K3M3,2026-01-13
OTM1_NEXT1_K3M3,2026-02-10
OTM1_NEXT1_K3M3,2026-03-10
OTM1_NEXT1_K3M3,2026-04-13
OTM1_NEXT1_K3M3,2026-05-12
OTM1_NEXT1_K3M4,2026-01-13
OTM1_NEXT1_K3M4,2026-02-10
OTM1_NEXT1_K3M4,2026-03-10
OTM1_NEXT1_K3M4,2026-04-13
OTM1_NEXT1_K3M4,2026-05-12
OTM1_NEXT2_K3M0.5,2026-01-13
OTM1_NEXT2_K3M0.5,2026-02-10
OTM1_NEXT2_K3M0.5,2026-03-10
OTM1_NEXT2_K3M0.5,2026-04-13
OTM1_NEXT2_K3M0.5,2026-05-12
OTM1_NEXT2_K3M1,2026-01-13
OTM1_NEXT2_K3M1,2026-02-10
OTM1_NEXT2_K3M1,2026-03-10
OTM1_NEXT2_K3M1,2026-04-13
OTM1_NEXT2_K3M1,2026-05-12
OTM1_NEXT2_K3M1.5,2026-01-13
OTM1_NEXT2_K3M1.5,2026-02-10
OTM1_NEXT2_K3M1.5,2026-03-10
OTM1_NEXT2_K3M1.5,2026-04-13
OTM1_NEXT2_K3M1.5,2026-05-12
OTM1_NEXT2_K3M2,2026-01-13
OTM1_NEXT2_K3M2,2026-02-10
OTM1_NEXT2_K3M2,2026-03-10
OTM1_NEXT2_K3M2,2026-04-13
OTM1_NEXT2_K3M2,2026-05-12
OTM1_NEXT2_K3M2.5,2026-01-13
OTM1_NEXT2_K3M2.5,2026-02-10
OTM1_NEXT2_K3M2.5,2026-03-10
OTM1_NEXT2_K3M2.5,2026-04-13
OTM1_NEXT2_K3M2.5,2026-05-12
OTM1_NEXT2_K3M3,2026-01-13
OTM1_NEXT2_K3M3,2026-02-10
OTM1_NEXT2_K3M3,2026-03-10
OTM1_NEXT2_K3M3,2026-04-13
OTM1_NEXT2_K3M3,2026-05-12
OTM1_NEXT2_K3M4,2026-01-13
OTM1_NEXT2_K3M4,2026-02-10
OTM1_NEXT2_K3M4,2026-03-10
OTM1_NEXT2_K3M4,2026-04-13
OTM1_NEXT2_K3M4,2026-05-12
OTM1_NEXT3_K3M0.5,2026-01-13
OTM1_NEXT3_K3M0.5,2026-02-10
OTM1_NEXT3_K3M0.5,2026-03-10
OTM1_NEXT3_K3M0.5,2026-04-13
OTM1_NEXT3_K3M0.5,2026-05-12
OTM1_NEXT3_K3M1,2026-01-13
OTM1_NEXT3_K3M1,2026-02-10
OTM1_NEXT3_K3M1,2026-03-10
OTM1_NEXT3_K3M1,2026-04-13
OTM1_NEXT3_K3M1,2026-05-12
OTM1_NEXT3_K3M1.5,2026-01-13
OTM1_NEXT3_K3M1.5,2026-02-10
OTM1_NEXT3_K3M1.5,2026-03-10
OTM1_NEXT3_K3M1.5,2026-04-13
OTM1_NEXT3_K3M1.5,2026-05-12
OTM1_NEXT3_K3M2,2026-01-13
OTM1_NEXT3_K3M2,2026-02-10
OTM1_NEXT3_K3M2,2026-03-10
OTM1_NEXT3_K3M2,2026-04-13
OTM1_NEXT3_K3M2,2026-05-12
OTM1_NEXT3_K3M2.5,2026-01-13
OTM1_NEXT3_K3M2.5,2026-02-10
OTM1_NEXT3_K3M2.5,2026-03-10
OTM1_NEXT3_K3M2.5,2026-04-13
OTM1_NEXT3_K3M2.5,2026-05-12
OTM1_NEXT3_K3M3,2026-01-13
OTM1_NEXT3_K3M3,2026-02-10
OTM1_NEXT3_K3M3,2026-03-10
OTM1_NEXT3_K3M3,2026-04-13
OTM1_NEXT3_K3M3,2026-05-12
OTM1_NEXT3_K3M4,2026-01-13
OTM1_NEXT3_K3M4,2026-02-10
OTM1_NEXT3_K3M4,2026-03-10
OTM1_NEXT3_K3M4,2026-04-13
OTM1_NEXT3_K3M4,2026-05-12
OTM2_MIRROR_GAP_K3M0.5,2026-01-13
OTM2_MIRROR_GAP_K3M0.5,2026-02-10
OTM2_MIRROR_GAP_K3M0.5,2026-03-10
OTM2_MIRROR_GAP_K3M0.5,2026-04-13
OTM2_MIRROR_GAP_K3M0.5,2026-05-12
OTM2_MIRROR_GAP_K3M1,2026-01-13
OTM2_MIRROR_GAP_K3M1,2026-02-10
OTM2_MIRROR_GAP_K3M1,2026-03-10
OTM2_MIRROR_GAP_K3M1,2026-04-13
OTM2_MIRROR_GAP_K3M1,2026-05-12
OTM2_MIRROR_GAP_K3M1.5,2026-01-13
OTM2_MIRROR_GAP_K3M1.5,2026-02-10
OTM2_MIRROR_GAP_K3M1.5,2026-03-10
OTM2_MIRROR_GAP_K3M1.5,2026-04-13
OTM2_MIRROR_GAP_K3M1.5,2026-05-12
OTM2_MIRROR_GAP_K3M2,2026-01-13
OTM2_MIRROR_GAP_K3M2,2026-02-10
OTM2_MIRROR_GAP_K3M2,2026-03-10
OTM2_MIRROR_GAP_K3M2,2026-04-13
OTM2_MIRROR_GAP_K3M2,2026-05-12
OTM2_MIRROR_GAP_K3M2.5,2026-01-13
OTM2_MIRROR_GAP_K3M2.5,2026-02-10
OTM2_MIRROR_GAP_K3M2.5,2026-03-10
OTM2_MIRROR_GAP_K3M2.5,2026-04-13
OTM2_MIRROR_GAP_K3M2.5,2026-05-12
OTM2_MIRROR_GAP_K3M3,2026-01-13
OTM2_MIRROR_GAP_K3M3,2026-02-10
OTM2_MIRROR_GAP_K3M3,2026-03-10
OTM2_MIRROR_GAP_K3M3,2026-04-13
OTM2_MIRROR_GAP_K3M3,2026-05-12
OTM2_MIRROR_GAP_K3M4,2026-01-13
OTM2_MIRROR_GAP_K3M4,2026-02-10
OTM2_MIRROR_GAP_K3M4,2026-03-10
OTM2_MIRROR_GAP_K3M4,2026-04-13
OTM2_MIRROR_GAP_K3M4,2026-05-12
OTM2_NEXT1_K3M0.5,2026-01-13
OTM2_NEXT1_K3M0.5,2026-02-10
OTM2_NEXT1_K3M0.5,2026-03-10
OTM2_NEXT1_K3M0.5,2026-04-13
OTM2_NEXT1_K3M0.5,2026-05-12
OTM2_NEXT1_K3M1,2026-01-13
OTM2_NEXT1_K3M1,2026-02-10
OTM2_NEXT1_K3M1,2026-03-10
OTM2_NEXT1_K3M1,2026-04-13
OTM2_NEXT1_K3M1,2026-05-12
OTM2_NEXT1_K3M1.5,2026-01-13
OTM2_NEXT1_K3M1.5,2026-02-10
OTM2_NEXT1_K3M1.5,2026-03-10
OTM2_NEXT1_K3M1.5,2026-04-13
OTM2_NEXT1_K3M1.5,2026-05-12
OTM2_NEXT1_K3M2,2026-01-13
OTM2_NEXT1_K3M2,2026-02-10
OTM2_NEXT1_K3M2,2026-03-10
OTM2_NEXT1_K3M2,2026-04-13
OTM2_NEXT1_K3M2,2026-05-12
OTM2_NEXT1_K3M2.5,2026-01-13
OTM2_NEXT1_K3M2.5,2026-02-10
OTM2_NEXT1_K3M2.5,2026-03-10
OTM2_NEXT1_K3M2.5,2026-04-13
OTM2_NEXT1_K3M2.5,2026-05-12
OTM2_NEXT1_K3M3,2026-01-13
OTM2_NEXT1_K3M3,2026-02-10
OTM2_NEXT1_K3M3,2026-03-10
OTM2_NEXT1_K3M3,2026-04-13
OTM2_NEXT1_K3M3,2026-05-12
OTM2_NEXT1_K3M4,2026-01-13
OTM2_NEXT1_K3M4,2026-02-10
OTM2_NEXT1_K3M4,2026-03-10
OTM2_NEXT1_K3M4,2026-04-13
OTM2_NEXT1_K3M4,2026-05-12
OTM2_NEXT2_K3M0.5,2026-01-13
OTM2_NEXT2_K3M0.5,2026-02-10
OTM2_NEXT2_K3M0.5,2026-03-10
OTM2_NEXT2_K3M0.5,2026-04-13
OTM2_NEXT2_K3M0.5,2026-05-12
OTM2_NEXT2_K3M1,2026-01-13
OTM2_NEXT2_K3M1,2026-02-10
OTM2_NEXT2_K3M1,2026-03-10
OTM2_NEXT2_K3M1,2026-04-13
OTM2_NEXT2_K3M1,2026-05-12
OTM2_NEXT2_K3M1.5,2026-01-13
OTM2_NEXT2_K3M1.5,2026-02-10
OTM2_NEXT2_K3M1.5,2026-03-10
OTM2_NEXT2_K3M1.5,2026-04-13
OTM2_NEXT2_K3M1.5,2026-05-12
OTM2_NEXT2_K3M2,2026-01-13
OTM2_NEXT2_K3M2,2026-02-10
OTM2_NEXT2_K3M2,2026-03-10
OTM2_NEXT2_K3M2,2026-04-13
OTM2_NEXT2_K3M2,2026-05-12
OTM2_NEXT2_K3M2.5,2026-01-13
OTM2_NEXT2_K3M2.5,2026-02-10
OTM2_NEXT2_K3M2.5,2026-03-10
OTM2_NEXT2_K3M2.5,2026-04-13
OTM2_NEXT2_K3M2.5,2026-05-12
OTM2_NEXT2_K3M3,2026-01-13
OTM2_NEXT2_K3M3,2026-02-10
OTM2_NEXT2_K3M3,2026-03-10
OTM2_NEXT2_K3M3,2026-04-13
OTM2_NEXT2_K3M3,2026-05-12
OTM2_NEXT2_K3M4,2026-01-13
OTM2_NEXT2_K3M4,2026-02-10
OTM2_NEXT2_K3M4,2026-03-10
OTM2_NEXT2_K3M4,2026-04-13
OTM2_NEXT2_K3M4,2026-05-12
OTM2_NEXT3_K3M0.5,2026-01-13
OTM2_NEXT3_K3M0.5,2026-02-10
OTM2_NEXT3_K3M0.5,2026-03-10
OTM2_NEXT3_K3M0.5,2026-04-13
OTM2_NEXT3_K3M0.5,2026-05-12
OTM2_NEXT3_K3M1,2026-01-13
OTM2_NEXT3_K3M1,2026-02-10
OTM2_NEXT3_K3M1,2026-03-10
OTM2_NEXT3_K3M1,2026-04-13
OTM2_NEXT3_K3M1,2026-05-12
OTM2_NEXT3_K3M1.5,2026-01-13
OTM2_NEXT3_K3M1.5,2026-02-10
OTM2_NEXT3_K3M1.5,2026-03-10
OTM2_NEXT3_K3M1.5,2026-04-13
OTM2_NEXT3_K3M1.5,2026-05-12
OTM2_NEXT3_K3M2,2026-01-13
OTM2_NEXT3_K3M2,2026-02-10
OTM2_NEXT3_K3M2,2026-03-10
OTM2_NEXT3_K3M2,2026-04-13
OTM2_NEXT3_K3M2,2026-05-12
OTM2_NEXT3_K3M2.5,2026-01-13
OTM2_NEXT3_K3M2.5,2026-02-10
OTM2_NEXT3_K3M2.5,2026-03-10
OTM2_NEXT3_K3M2.5,2026-04-13
OTM2_NEXT3_K3M2.5,2026-05-12
OTM2_NEXT3_K3M3,2026-01-13
OTM2_NEXT3_K3M3,2026-02-10
OTM2_NEXT3_K3M3,2026-03-10
OTM2_NEXT3_K3M3,2026-04-13
OTM2_NEXT3_K3M3,2026-05-12
OTM2_NEXT3_K3M4,2026-01-13
OTM2_NEXT3_K3M4,2026-02-10
OTM2_NEXT3_K3M4,2026-03-10
OTM2_NEXT3_K3M4,2026-04-13
OTM2_NEXT3_K3M4,2026-05-12
OTM3_MIRROR_GAP_K3M0.5,2026-01-13
OTM3_MIRROR_GAP_K3M0.5,2026-02-10
OTM3_MIRROR_GAP_K3M0.5,2026-03-10
OTM3_MIRROR_GAP_K3M0.5,2026-04-13
OTM3_MIRROR_GAP_K3M0.5,2026-05-12
OTM3_MIRROR_GAP_K3M1,2026-01-13
OTM3_MIRROR_GAP_K3M1,2026-02-10
OTM3_MIRROR_GAP_K3M1,2026-03-10
OTM3_MIRROR_GAP_K3M1,2026-04-13
OTM3_MIRROR_GAP_K3M1,2026-05-12
OTM3_MIRROR_GAP_K3M1.5,2026-01-13
OTM3_MIRROR_GAP_K3M1.5,2026-02-10
OTM3_MIRROR_GAP_K3M1.5,2026-03-10
OTM3_MIRROR_GAP_K3M1.5,2026-04-13
OTM3_MIRROR_GAP_K3M1.5,2026-05-12
OTM3_MIRROR_GAP_K3M2,2026-01-13
OTM3_MIRROR_GAP_K3M2,2026-02-10
OTM3_MIRROR_GAP_K3M2,2026-03-10
OTM3_MIRROR_GAP_K3M2,2026-04-13
OTM3_MIRROR_GAP_K3M2,2026-05-12
OTM3_MIRROR_GAP_K3M2.5,2026-01-13
OTM3_MIRROR_GAP_K3M2.5,2026-02-10
OTM3_MIRROR_GAP_K3M2.5,2026-03-10
OTM3_MIRROR_GAP_K3M2.5,2026-04-13
OTM3_MIRROR_GAP_K3M2.5,2026-05-12
OTM3_MIRROR_GAP_K3M3,2026-01-13
OTM3_MIRROR_GAP_K3M3,2026-02-10
OTM3_MIRROR_GAP_K3M3,2026-03-10
OTM3_MIRROR_GAP_K3M3,2026-04-13
OTM3_MIRROR_GAP_K3M3,2026-05-12
OTM3_MIRROR_GAP_K3M4,2026-01-13
OTM3_MIRROR_GAP_K3M4,2026-02-10
OTM3_MIRROR_GAP_K3M4,2026-03-10
OTM3_MIRROR_GAP_K3M4,2026-04-13
OTM3_MIRROR_GAP_K3M4,2026-05-12
OTM3_NEXT1_K3M0.5,2026-01-13
OTM3_NEXT1_K3M0.5,2026-02-10
OTM3_NEXT1_K3M0.5,2026-03-10
OTM3_NEXT1_K3M0.5,2026-04-13
OTM3_NEXT1_K3M0.5,2026-05-12
OTM3_NEXT1_K3M1,2026-01-13
OTM3_NEXT1_K3M1,2026-02-10
OTM3_NEXT1_K3M1,2026-03-10
OTM3_NEXT1_K3M1,2026-04-13
OTM3_NEXT1_K3M1,2026-05-12
OTM3_NEXT1_K3M1.5,2026-01-13
OTM3_NEXT1_K3M1.5,2026-02-10
OTM3_NEXT1_K3M1.5,2026-03-10
OTM3_NEXT1_K3M1.5,2026-04-13
OTM3_NEXT1_K3M1.5,2026-05-12
OTM3_NEXT1_K3M2,2026-01-13
OTM3_NEXT1_K3M2,2026-02-10
OTM3_NEXT1_K3M2,2026-03-10
OTM3_NEXT1_K3M2,2026-04-13
OTM3_NEXT1_K3M2,2026-05-12
OTM3_NEXT1_K3M2.5,2026-01-13
OTM3_NEXT1_K3M2.5,2026-02-10
OTM3_NEXT1_K3M2.5,2026-03-10
OTM3_NEXT1_K3M2.5,2026-04-13
OTM3_NEXT1_K3M2.5,2026-05-12
OTM3_NEXT1_K3M3,2026-01-13
OTM3_NEXT1_K3M3,2026-02-10
OTM3_NEXT1_K3M3,2026-03-10
OTM3_NEXT1_K3M3,2026-04-13
OTM3_NEXT1_K3M3,2026-05-12
OTM3_NEXT1_K3M4,2026-01-13
OTM3_NEXT1_K3M4,2026-02-10
OTM3_NEXT1_K3M4,2026-03-10
OTM3_NEXT1_K3M4,2026-04-13
OTM3_NEXT1_K3M4,2026-05-12
OTM3_NEXT2_K3M0.5,2026-01-13
OTM3_NEXT2_K3M0.5,2026-02-10
OTM3_NEXT2_K3M0.5,2026-03-10
OTM3_NEXT2_K3M0.5,2026-04-13
OTM3_NEXT2_K3M0.5,2026-05-12
OTM3_NEXT2_K3M1,2026-01-13
OTM3_NEXT2_K3M1,2026-02-10
OTM3_NEXT2_K3M1,2026-03-10
OTM3_NEXT2_K3M1,2026-04-13
OTM3_NEXT2_K3M1,2026-05-12
OTM3_NEXT2_K3M1.5,2026-01-13
OTM3_NEXT2_K3M1.5,2026-02-10
OTM3_NEXT2_K3M1.5,2026-03-10
OTM3_NEXT2_K3M1.5,2026-04-13
OTM3_NEXT2_K3M1.5,2026-05-12
OTM3_NEXT2_K3M2,2026-01-13
OTM3_NEXT2_K3M2,2026-02-10
OTM3_NEXT2_K3M2,2026-03-10
OTM3_NEXT2_K3M2,2026-04-13
OTM3_NEXT2_K3M2,2026-05-12
OTM3_NEXT2_K3M2.5,2026-01-13
OTM3_NEXT2_K3M2.5,2026-02-10
OTM3_NEXT2_K3M2.5,2026-03-10
OTM3_NEXT2_K3M2.5,2026-04-13
OTM3_NEXT2_K3M2.5,2026-05-12
OTM3_NEXT2_K3M3,2026-01-13
OTM3_NEXT2_K3M3,2026-02-10
OTM3_NEXT2_K3M3,2026-03-10
OTM3_NEXT2_K3M3,2026-04-13
OTM3_NEXT2_K3M3,2026-05-12
OTM3_NEXT2_K3M4,2026-01-13
OTM3_NEXT2_K3M4,2026-02-10
OTM3_NEXT2_K3M4,2026-03-10
OTM3_NEXT2_K3M4,2026-04-13
OTM3_NEXT2_K3M4,2026-05-12
OTM3_NEXT3_K3M0.5,2026-01-13
OTM3_NEXT3_K3M0.5,2026-02-10
OTM3_NEXT3_K3M0.5,2026-03-10
OTM3_NEXT3_K3M0.5,2026-04-13
OTM3_NEXT3_K3M0.5,2026-05-12
OTM3_NEXT3_K3M1,2026-01-13
OTM3_NEXT3_K3M1,2026-02-10
OTM3_NEXT3_K3M1,2026-03-10
OTM3_NEXT3_K3M1,2026-04-13
OTM3_NEXT3_K3M1,2026-05-12
OTM3_NEXT3_K3M1.5,2026-01-13
OTM3_NEXT3_K3M1.5,2026-02-10
OTM3_NEXT3_K3M1.5,2026-03-10
OTM3_NEXT3_K3M1.5,2026-04-13
OTM3_NEXT3_K3M1.5,2026-05-12
OTM3_NEXT3_K3M2,2026-01-13
OTM3_NEXT3_K3M2,2026-02-10
OTM3_NEXT3_K3M2,2026-03-10
OTM3_NEXT3_K3M2,2026-04-13
OTM3_NEXT3_K3M2,2026-05-12
OTM3_NEXT3_K3M2.5,2026-01-13
OTM3_NEXT3_K3M2.5,2026-02-10
OTM3_NEXT3_K3M2.5,2026-03-10
OTM3_NEXT3_K3M2.5,2026-04-13
OTM3_NEXT3_K3M2.5,2026-05-12
OTM3_NEXT3_K3M3,2026-01-13
OTM3_NEXT3_K3M3,2026-02-10
OTM3_NEXT3_K3M3,2026-03-10
OTM3_NEXT3_K3M3,2026-04-13
OTM3_NEXT3_K3M3,2026-05-12
OTM3_NEXT3_K3M4,2026-01-13
OTM3_NEXT3_K3M4,2026-02-10
OTM3_NEXT3_K3M4,2026-03-10
OTM3_NEXT3_K3M4,2026-04-13
OTM3_NEXT3_K3M4,2026-05-12
