variant_id,training.total_net_rupees,validation.total_net_rupees,holdout.total_net_rupees,holdout.annualized_weekly_sharpe,valid_rate_all_63,training_bootstrap_p_value,training_holm_adjusted_p,promotable_to_capital_phase
OTM1_NEXT1_K3M0.5,-149086.50146974224,-46918.89875963511,-31827.44906239289,-2.5901184692647625,1.0,0.9873375541486171,1.0,False
OTM1_NEXT1_K3M1,75492.86694815526,-28855.51464431761,-15492.684792241385,-1.2976051808222688,1.0,0.026657780739753417,1.0,False
OTM1_NEXT1_K3M1.5,138953.59658264,-16409.830254072604,-3984.4744365975002,-0.3456560809077797,1.0,0.0003332222592469177,0.16794401866044653,False
OTM1_NEXT1_K3M2,175551.71034297996,2448.633194762395,8156.207539364,0.7375099827098381,1.0,0.0003332222592469177,0.16794401866044653,False
OTM1_NEXT1_K3M2.5,217860.5109883576,30640.306889362495,33511.992016975004,2.666480124195217,1.0,0.0003332222592469177,0.16794401866044653,False
OTM1_NEXT1_K3M3,264299.36870525253,38282.812225534995,70160.52082091548,5.2483334754285,1.0,0.0003332222592469177,0.16794401866044653,False
OTM1_NEXT1_K3M4,336815.67719862756,76255.84561244254,102414.5230046981,7.203774780143439,1.0,0.0003332222592469177,0.16794401866044653,False
OTM1_NEXT2_K3M0.5,-82345.50324537473,-26262.99711396022,-27082.676495139884,-2.2880535215057827,1.0,0.9383538820393202,1.0,False
OTM1_NEXT2_K3M1,101837.42916353,-3289.6897378926105,-4543.8612036150025,-0.42875956032075335,1.0,0.0003332222592469177,0.16794401866044653,False
OTM1_NEXT2_K3M1.5,166468.16906595754,20708.60656826994,32681.173777010496,2.9089176799871614,1.0,0.0003332222592469177,0.16794401866044653,False
OTM1_NEXT2_K3M2,226197.49043009,26846.844057532442,46882.22740724159,3.8839573257975606,1.0,0.0003332222592469177,0.16794401866044653,False
OTM1_NEXT2_K3M2.5,249057.65400635748,29498.38261487994,65510.1974032486,4.906196351867157,1.0,0.0003332222592469177,0.16794401866044653,False
OTM1_NEXT2_K3M3,262266.22877769504,29498.38261487994,80662.58668165159,5.217634971330191,1.0,0.0003332222592469177,0.16794401866044653,False
OTM1_NEXT2_K3M4,266890.05844436004,29498.38261487994,93889.2549159961,5.308589760009833,1.0,0.0003332222592469177,0.16794401866044653,False
OTM1_NEXT3_K3M0.5,-79282.46783649737,-21536.148763497607,-23258.7552925775,-1.9468163312798439,1.0,0.9490169943352216,1.0,False
OTM1_NEXT3_K3M1,88805.48316516263,412.99595475739716,11631.189537078008,1.0939543925567625,1.0,0.000999666777740753,0.26491169610129955,False
OTM1_NEXT3_K3M1.5,138121.3668008951,3803.9799086348976,33025.6373783916,2.9762501118039086,1.0,0.0003332222592469177,0.16794401866044653,False
OTM1_NEXT3_K3M2,153539.18470654008,3803.9799086348976,47842.9312896231,3.9306082461506073,1.0,0.0003332222592469177,0.16794401866044653,False
OTM1_NEXT3_K3M2.5,153539.18470654008,3803.9799086348976,57018.762614608095,4.042053059275981,1.0,0.0003332222592469177,0.16794401866044653,False
OTM1_NEXT3_K3M3,153539.18470654008,3803.9799086348976,60013.3475311781,3.988967265402405,1.0,0.0003332222592469177,0.16794401866044653,False
OTM1_NEXT3_K3M4,153539.18470654008,3803.9799086348976,60013.3475311781,3.988967265402405,1.0,0.0003332222592469177,0.16794401866044653,False
OTM1_MIRROR_GAP_K3M0.5,-149086.50146974224,-46918.89875963511,-31827.44906239289,-2.5901184692647625,1.0,0.9873375541486171,1.0,False
OTM1_MIRROR_GAP_K3M1,75492.86694815526,-28855.51464431761,-15492.684792241385,-1.2976051808222688,1.0,0.026657780739753417,1.0,False
OTM1_MIRROR_GAP_K3M1.5,138953.59658264,-16409.830254072604,-3984.4744365975002,-0.3456560809077797,1.0,0.0003332222592469177,0.16794401866044653,False
OTM1_MIRROR_GAP_K3M2,175551.71034297996,2448.633194762395,8156.207539364,0.7375099827098381,1.0,0.0003332222592469177,0.16794401866044653,False
OTM1_MIRROR_GAP_K3M2.5,217860.5109883576,30640.306889362495,33511.992016975004,2.666480124195217,1.0,0.0003332222592469177,0.16794401866044653,False
OTM1_MIRROR_GAP_K3M3,264299.36870525253,38282.812225534995,70160.52082091548,5.2483334754285,1.0,0.0003332222592469177,0.16794401866044653,False
OTM1_MIRROR_GAP_K3M4,336815.67719862756,76255.84561244254,102414.5230046981,7.203774780143439,1.0,0.0003332222592469177,0.16794401866044653,False
OTM2_NEXT1_K3M0.5,-175178.60228138484,-46022.46964223772,-53364.6214745158,-4.395780185071794,1.0,0.9710096634455182,1.0,False
OTM2_NEXT1_K3M1,34632.297952290166,-23852.139355055162,-13956.496545369391,-1.5241880008744446,1.0,0.2829056981006331,1.0,False
OTM2_NEXT1_K3M1.5,115677.93333891494,-5298.694151735157,2063.8914728526006,0.22005210318987192,1.0,0.0003332222592469177,0.16794401866044653,False
OTM2_NEXT1_K3M2,150631.55273653244,7927.105966919837,12040.261959764499,1.317185307397533,1.0,0.0003332222592469177,0.16794401866044653,False
OTM2_NEXT1_K3M2.5,212531.4680445575,21479.22010671745,36453.61736808,3.684969225084773,1.0,0.0003332222592469177,0.16794401866044653,False
OTM2_NEXT1_K3M3,251091.19745714756,32653.772010057437,44576.0476555945,4.171238638758575,1.0,0.0003332222592469177,0.16794401866044653,False
OTM2_NEXT1_K3M4,302389.7858801999,40633.42351644494,62846.95648845959,5.219775043388964,1.0,0.0003332222592469177,0.16794401866044653,False
OTM2_NEXT2_K3M0.5,-51200.27315183722,-21299.60749656777,-21313.033325168395,-2.194413969538157,1.0,0.8883705431522826,1.0,False
OTM2_NEXT2_K3M1,86334.05342146494,-2326.1929018526625,-1318.544313895498,-0.1498394724069613,1.0,0.000999666777740753,0.26491169610129955,False
OTM2_NEXT2_K3M1.5,155490.5403646201,15448.068039859838,25057.680829327004,2.7745444720978347,1.0,0.0003332222592469177,0.16794401866044653,False
OTM2_NEXT2_K3M2,196786.33744695008,17796.28103827984,45333.382469808595,4.39505961302737,1.0,0.0003332222592469177,0.16794401866044653,False
OTM2_NEXT2_K3M2.5,214877.18087807263,20346.377176819842,57100.9667851851,4.968117676988566,1.0,0.0003332222592469177,0.16794401866044653,False
OTM2_NEXT2_K3M3,226243.7688192301,20346.377176819842,76184.56732301808,5.677988155056708,1.0,0.0003332222592469177,0.16794401866044653,False
OTM2_NEXT2_K3M4,226243.7688192301,20346.377176819842,85322.83128115309,5.518604640277616,1.0,0.0003332222592469177,0.16794401866044653,False
OTM2_NEXT3_K3M0.5,-19262.586022607436,-14779.421394547773,-17407.689162803388,-1.7060759333407067,1.0,0.7757414195268244,1.0,False
OTM2_NEXT3_K3M1,67012.69361008513,-6439.50607463766,7692.810108504996,0.8099449276586259,1.0,0.03532155948017328,1.0,False
OTM2_NEXT3_K3M1.5,104070.69045334263,-2224.5595307876565,36321.64590456859,3.429835658102737,1.0,0.0036654448517160947,0.8577140953015662,False
OTM2_NEXT3_K3M2,114182.81306528763,-2224.5595307876565,50754.28567882909,4.251475013805816,1.0,0.0026657780739753416,0.6451182939020327,False
OTM2_NEXT3_K3M2.5,114182.81306528763,-2224.5595307876565,55323.192980853084,4.160210217920259,1.0,0.0026657780739753416,0.6451182939020327,False
OTM2_NEXT3_K3M3,114182.81306528763,-2224.5595307876565,55323.192980853084,4.160210217920259,1.0,0.0026657780739753416,0.6451182939020327,False
OTM2_NEXT3_K3M4,114182.81306528763,-2224.5595307876565,55323.192980853084,4.160210217920259,1.0,0.0026657780739753416,0.6451182939020327,False
OTM2_MIRROR_GAP_K3M0.5,-167727.32437155233,-41300.645502612715,-21291.64385571989,-2.073100664205198,1.0,0.9670109963345551,1.0,False
OTM2_MIRROR_GAP_K3M1,69494.32261812016,-13508.233444240162,-8175.481391093999,-0.8348852088567836,1.0,0.06731089636787738,1.0,False
OTM2_MIRROR_GAP_K3M1.5,135664.3741979051,1609.0819874898402,5799.130341181494,0.6000903722142592,1.0,0.0003332222592469177,0.16794401866044653,False
OTM2_MIRROR_GAP_K3M2,166863.47815799512,9435.074858847336,24382.8451394281,2.354418439156642,1.0,0.0003332222592469177,0.16794401866044653,False
OTM2_MIRROR_GAP_K3M2.5,214208.33499922257,20951.913728609838,43685.5800900866,4.141637519297966,1.0,0.0003332222592469177,0.16794401866044653,False
OTM2_MIRROR_GAP_K3M3,241974.47695730758,30164.25678475983,53301.4060261776,4.748636742717389,1.0,0.0003332222592469177,0.16794401866044653,False
OTM2_MIRROR_GAP_K3M4,287205.46029030747,35825.95547356983,71169.89712414159,5.487182280204048,1.0,0.0003332222592469177,0.16794401866044653,False
OTM3_NEXT1_K3M0.5,-119576.47210411978,-29986.71861323772,-61273.783266061786,-4.6084198381118515,1.0,0.9466844385204932,1.0,False
OTM3_NEXT1_K3M1,-1553.1957122373497,-19550.40867398011,-27552.68605347939,-2.2510000870762967,1.0,0.664111962679107,1.0,False
OTM3_NEXT1_K3M1.5,110060.95261456745,-4454.641407147662,4849.014194028108,0.6324899074473568,1.0,0.0003332222592469177,0.16794401866044653,False
OTM3_NEXT1_K3M2,130767.78042687006,4774.150745192335,11384.657867820006,1.5280836707839913,1.0,0.0003332222592469177,0.16794401866044653,False
OTM3_NEXT1_K3M2.5,164863.00479511503,24168.807546199838,23125.053482691008,2.8033143635450415,1.0,0.0003332222592469177,0.16794401866044653,False
OTM3_NEXT1_K3M3,210444.8618464701,29493.73308189484,44197.7967127105,4.827128005094845,1.0,0.0003332222592469177,0.16794401866044653,False
OTM3_NEXT1_K3M4,253753.49846937507,34447.19715734734,59037.67574226411,5.433029442200046,1.0,0.0003332222592469177,0.16794401866044653,False
OTM3_NEXT2_K3M0.5,-15424.108134807335,-18288.082096150272,-20959.45927992889,-2.6945892406316294,1.0,0.7374208597134289,1.0,False
OTM3_NEXT2_K3M1,74216.26882241754,-2736.880722747658,-3723.2481666714984,-0.5111453264061837,1.0,0.010329890036654448,1.0,False
OTM3_NEXT2_K3M1.5,104633.38664253504,3629.0640105023394,21144.160522312995,2.674914341084787,1.0,0.0003332222592469177,0.16794401866044653,False
OTM3_NEXT2_K3M2,144053.14025142769,13555.011778969842,43876.818235060004,4.669736138584735,1.0,0.0003332222592469177,0.16794401866044653,False
OTM3_NEXT2_K3M2.5,163336.52718537766,13555.011778969842,55726.24514923558,5.277646780852778,1.0,0.0003332222592469177,0.16794401866044653,False
OTM3_NEXT2_K3M3,169948.8287200352,13555.011778969842,62186.6011744936,5.546628565779117,1.0,0.0003332222592469177,0.16794401866044653,False
OTM3_NEXT2_K3M4,169948.8287200352,13555.011778969842,72267.57759911659,5.10816211523274,1.0,0.0003332222592469177,0.16794401866044653,False
OTM3_NEXT3_K3M0.5,9173.675100920205,-13437.160105005272,-18671.798754322394,-2.2707904991760417,1.0,0.5888037320893036,1.0,False
OTM3_NEXT3_K3M1,38700.45065478,-12165.408396807663,6225.997405627609,0.7502373962950816,1.0,0.11462845718093968,1.0,False
OTM3_NEXT3_K3M1.5,64742.426165797486,-11259.197440662665,32609.399852036702,3.470416344802246,1.0,0.03332222592469177,1.0,False
OTM3_NEXT3_K3M2,73162.99506413999,-11259.197440662665,45845.381216855705,4.225290474210068,1.0,0.027990669776741087,1.0,False
OTM3_NEXT3_K3M2.5,73162.99506413999,-11259.197440662665,50996.23232923671,4.137327973787693,1.0,0.027990669776741087,1.0,False
OTM3_NEXT3_K3M3,73162.99506413999,-11259.197440662665,50996.23232923671,4.137327973787693,1.0,0.027990669776741087,1.0,False
OTM3_NEXT3_K3M4,73162.99506413999,-11259.197440662665,50996.23232923671,4.137327973787693,1.0,0.027990669776741087,1.0,False
OTM3_MIRROR_GAP_K3M0.5,-5528.889510032273,-17173.25331971027,-18335.788664979893,-2.1561871892975497,1.0,0.6687770743085638,1.0,False
OTM3_MIRROR_GAP_K3M1,44901.39450654254,-6173.415728390161,1836.3004270266094,0.2173393698748559,1.0,0.12829056981006332,1.0,False
OTM3_MIRROR_GAP_K3M1.5,74941.42459610503,-2634.699391377664,30323.611657669702,3.42069519615644,1.0,0.01599466844385205,1.0,False
OTM3_MIRROR_GAP_K3M2,106200.45879568254,7291.248377089834,48925.55058128971,4.6964127652834255,1.0,0.003332222592469177,0.7864045318227258,False
OTM3_MIRROR_GAP_K3M2.5,116131.94418890004,7291.248377089834,59169.5269260802,5.273288197967135,1.0,0.001999333555481506,0.5018327224258581,False
OTM3_MIRROR_GAP_K3M3,122744.24572355754,7291.248377089834,62786.9334480027,5.386012642959737,1.0,0.001999333555481506,0.5018327224258581,False
OTM3_MIRROR_GAP_K3M4,122744.24572355754,7291.248377089834,69713.6862216837,5.010794638255117,1.0,0.001999333555481506,0.5018327224258581,False
OTM4_NEXT1_K3M0.5,-86085.81385675477,-23432.190622742717,-31855.617171716985,-3.425029947864473,1.0,0.9250249916694435,1.0,False
OTM4_NEXT1_K3M1,11880.030999155133,-15867.564098960218,-24449.423868029487,-2.6205914760083844,1.0,0.5528157280906365,1.0,False
OTM4_NEXT1_K3M1.5,57486.54559444511,-5243.044358705109,-16415.314760318986,-1.761208133353271,1.0,0.05664778407197601,1.0,False
OTM4_NEXT1_K3M2,111516.99453087995,2000.6187765923914,-609.6285055124845,-0.06213250717778645,1.0,0.0003332222592469177,0.16794401866044653,False
OTM4_NEXT1_K3M2.5,137115.24820348498,8802.862583552393,14688.784611835901,2.2072148094861253,1.0,0.0003332222592469177,0.16794401866044653,False
OTM4_NEXT1_K3M3,172441.67141481754,24124.230264634894,30700.880906474405,3.8313609755847704,1.0,0.0003332222592469177,0.16794401866044653,False
OTM4_NEXT1_K3M4,206821.89795354762,25827.39130914489,54719.74438855691,5.772975380010442,1.0,0.0003332222592469177,0.16794401866044653,False
OTM4_NEXT2_K3M0.5,1216.6066374751717,-18865.30060390272,-30353.11688658699,-3.3091289215006316,1.0,0.6161279573475508,1.0,False
OTM4_NEXT2_K3M1,38330.920580404956,-7729.2795288576135,-5123.723999636486,-0.838386656411525,1.0,0.07230923025658113,1.0,False
OTM4_NEXT2_K3M1.5,71002.44516121496,-2673.970475982612,11371.69772523251,1.7159487984022492,1.0,0.0016661112962345886,0.4265244918360547,False
OTM4_NEXT2_K3M2,103025.62848624995,8248.518234469888,40652.37478943901,4.667585327530993,1.0,0.0003332222592469177,0.16794401866044653,False
OTM4_NEXT2_K3M2.5,119221.99566342996,8248.518234469888,49616.523056810605,5.295510891116053,1.0,0.0003332222592469177,0.16794401866044653,False
OTM4_NEXT2_K3M3,122762.93087544246,8248.518234469888,58024.1458536111,5.318864786660229,1.0,0.0003332222592469177,0.16794401866044653,False
OTM4_NEXT2_K3M4,122762.93087544246,8248.518234469888,63976.69738515461,5.038042380418851,1.0,0.0003332222592469177,0.16794401866044653,False
OTM4_NEXT3_K3M0.5,18931.574447645165,-16813.00625307522,-28753.72397468599,-3.297074791473789,1.0,0.4708430523158947,1.0,False
OTM4_NEXT3_K3M1,48311.99688384245,-10789.61998743022,-3911.3551424399893,-0.6271981273808533,1.0,0.046317894035321557,1.0,False
OTM4_NEXT3_K3M1.5,57433.54862839244,-10063.15335316522,20387.905146092013,2.7374088450353673,1.0,0.02732422525824725,1.0,False
OTM4_NEXT3_K3M2,60607.38581239994,-10063.15335316522,37550.042355382015,3.8687210481728616,1.0,0.025324891702765744,1.0,False
OTM4_NEXT3_K3M2.5,60607.38581239994,-10063.15335316522,40251.74622684601,3.8017854508022615,1.0,0.025324891702765744,1.0,False
OTM4_NEXT3_K3M3,60607.38581239994,-10063.15335316522,40251.74622684601,3.8017854508022615,1.0,0.025324891702765744,1.0,False
OTM4_NEXT3_K3M4,60607.38581239994,-10063.15335316522,40251.74622684601,3.8017854508022615,1.0,0.025324891702765744,1.0,False
OTM4_MIRROR_GAP_K3M0.5,19997.384914460174,-19301.425028262718,-19593.929840442484,-2.8786556725479286,1.0,0.44585138287237586,1.0,False
OTM4_MIRROR_GAP_K3M1,43083.10039613495,-15053.01394118272,-3011.825879231987,-0.4615584236428564,1.0,0.07864045318227257,1.0,False
OTM4_MIRROR_GAP_K3M1.5,47395.73348569245,-14326.54730691772,18847.812699996015,2.5756962722564998,1.0,0.0583138953682106,1.0,False
OTM4_MIRROR_GAP_K3M2,50569.57066969995,-14326.54730691772,25480.384003835014,2.852736813809499,1.0,0.05364878373875375,1.0,False
OTM4_MIRROR_GAP_K3M2.5,50569.57066969995,-14326.54730691772,28182.08787529901,2.832133386948651,1.0,0.05364878373875375,1.0,False
OTM4_MIRROR_GAP_K3M3,50569.57066969995,-14326.54730691772,28182.08787529901,2.832133386948651,1.0,0.05364878373875375,1.0,False
OTM4_MIRROR_GAP_K3M4,50569.57066969995,-14326.54730691772,28182.08787529901,2.832133386948651,1.0,0.05364878373875375,1.0,False
OTM5_NEXT1_K3M0.5,-68346.09986055986,-18454.49431924511,-26842.30810569539,-3.989723266729846,1.0,0.9243585471509497,1.0,False
OTM5_NEXT1_K3M1,18763.88371707506,-12916.12240131761,-19484.165674731987,-2.917599465672253,1.0,0.461512829056981,1.0,False
OTM5_NEXT1_K3M1.5,36441.55206485256,-8119.1958111451095,-11815.369020677488,-1.7351940832101984,1.0,0.0939686771076308,1.0,False
OTM5_NEXT1_K3M2,83695.38966116744,1804.7495475624978,-290.94291796648395,-0.04132220109394725,1.0,0.000999666777740753,0.26491169610129955,False
OTM5_NEXT1_K3M2.5,108424.80063059235,7797.903831062498,6500.828075229512,0.9760882572236255,1.0,0.0003332222592469177,0.16794401866044653,False
OTM5_NEXT1_K3M3,125136.80638285483,9614.070416724999,21501.062284782507,2.7313011786678216,1.0,0.0003332222592469177,0.16794401866044653,False
OTM5_NEXT1_K3M4,168471.59356321234,22114.138185019998,50846.193096667506,5.973457911153233,1.0,0.0003332222592469177,0.16794401866044653,False
OTM5_NEXT2_K3M0.5,34983.17138078256,-16926.837757747606,-25875.52871186599,-3.983226985499391,1.0,0.3478840386537821,1.0,False
OTM5_NEXT2_K3M1,29296.275643007557,-7186.942315875112,-11804.954021446487,-1.952096247918107,1.0,0.3068977007664112,1.0,False
OTM5_NEXT2_K3M1.5,55296.851056927335,-4224.905678227611,2032.6283809100132,0.3468450468374705,1.0,0.006997667444185272,1.0,False
OTM5_NEXT2_K3M2,72516.73076339233,-3498.4390439626104,21473.091393782015,3.1486632400139003,1.0,0.0023325558147284237,0.566811062979007,False
OTM5_NEXT2_K3M2.5,83683.84665152233,-3498.4390439626104,45182.79567141952,5.0676360891471095,1.0,0.0026657780739753416,0.6451182939020327,False
OTM5_NEXT2_K3M3,86857.68383552984,-3498.4390439626104,50840.0541512405,5.152439199102156,1.0,0.0013328890369876708,0.3465511496167944,False
OTM5_NEXT2_K3M4,86857.68383552984,-3498.4390439626104,55057.236301330515,4.881349186652728,1.0,0.0013328890369876708,0.3465511496167944,False
OTM5_NEXT3_K3M0.5,-6907.904832822441,-15852.428729220112,-25750.90623341949,-4.2048407841489155,1.0,0.6621126291236255,1.0,False
OTM5_NEXT3_K3M1,33104.33103350744,-11898.05364786011,-9375.59411013149,-1.7718414999742063,1.0,0.10429856714428523,1.0,False
OTM5_NEXT3_K3M1.5,49318.94538296744,-11280.18254139761,15273.730346378516,2.3637017709921473,1.0,0.03632122625791403,1.0,False
OTM5_NEXT3_K3M2,52324.184965212444,-11280.18254139761,30402.984327481012,3.7381784418502226,1.0,0.027990669776741087,1.0,False
OTM5_NEXT3_K3M2.5,52324.184965212444,-11280.18254139761,32387.907294982513,3.668809433992797,1.0,0.027990669776741087,1.0,False
OTM5_NEXT3_K3M3,52324.184965212444,-11280.18254139761,32387.907294982513,3.668809433992797,1.0,0.027990669776741087,1.0,False
OTM5_NEXT3_K3M4,52324.184965212444,-11280.18254139761,32387.907294982513,3.668809433992797,1.0,0.027990669776741087,1.0,False
OTM5_MIRROR_GAP_K3M0.5,32636.71017887744,-21539.37913239011,-27617.332596541986,-4.9734146455173125,1.0,0.30489836721092967,1.0,False
OTM5_MIRROR_GAP_K3M1,9836.901030579837,-20576.998075657608,-11498.765046552486,-2.7891528111200565,1.0,0.4605131622792403,1.0,False
OTM5_MIRROR_GAP_K3M1.5,12347.483615154837,-20576.998075657608,-842.6608929079866,-0.13255332272468576,1.0,0.43985338220593134,1.0,False
OTM5_MIRROR_GAP_K3M2,12347.483615154837,-20576.998075657608,-842.6608929079866,-0.13255332272468576,1.0,0.43985338220593134,1.0,False
OTM5_MIRROR_GAP_K3M2.5,12347.483615154837,-20576.998075657608,-842.6608929079866,-0.13255332272468576,1.0,0.43985338220593134,1.0,False
OTM5_MIRROR_GAP_K3M3,12347.483615154837,-20576.998075657608,-842.6608929079866,-0.13255332272468576,1.0,0.43985338220593134,1.0,False
OTM5_MIRROR_GAP_K3M4,12347.483615154837,-20576.998075657608,-842.6608929079866,-0.13255332272468576,1.0,0.43985338220593134,1.0,False
OTM6_NEXT1_K3M0.5,-37500.66443478495,-15275.76826698011,-25446.24669878898,-4.918036146597717,1.0,0.8653782072642453,1.0,False
OTM6_NEXT1_K3M1,39658.62403619005,-11066.755396290111,-18987.776348524483,-3.9054241028844165,1.0,0.24991669443518827,1.0,False
OTM6_NEXT1_K3M1.5,38671.49855019504,-6206.16935878511,-11563.849504965987,-2.7642068817490135,1.0,0.1922692435854715,1.0,False
OTM6_NEXT1_K3M2,75695.15472126755,-2319.19839813011,599.2686959710181,0.11923697320790924,1.0,0.001999333555481506,0.5018327224258581,False
OTM6_NEXT1_K3M2.5,72344.87742032734,7526.9701847275,7450.486504530018,1.3856664254725972,1.0,0.0003332222592469177,0.16794401866044653,False
OTM6_NEXT1_K3M3,95480.99834468731,8545.5213420475,19805.572391628513,2.9863483625429885,1.0,0.0003332222592469177,0.16794401866044653,False
OTM6_NEXT1_K3M4,112247.69709781483,19086.700936775,39489.22716592501,5.31711056591443,1.0,0.0003332222592469177,0.16794401866044653,False
OTM6_NEXT2_K3M0.5,42675.677516720054,-14680.677430132611,-25042.368283333482,-5.485880774749284,1.0,0.2502499166944352,1.0,False
OTM6_NEXT2_K3M1,8564.657293102548,-7329.883599915108,-13038.297448985482,-3.5044148147436536,1.0,0.5038320559813395,1.0,False
OTM6_NEXT2_K3M1.5,51854.79797847495,-4966.994701867609,-3083.003589357483,-1.0144358011942534,1.0,0.004665111629456847,1.0,False
OTM6_NEXT2_K3M2,63564.760730929935,-4349.123595405109,18913.996761216018,2.969899769200886,1.0,0.0026657780739753416,0.6451182939020327,False
OTM6_NEXT2_K3M2.5,75569.65867166744,-4349.123595405109,33845.144715752016,4.589657822490949,1.0,0.001999333555481506,0.5018327224258581,False
OTM6_NEXT2_K3M3,75569.65867166744,-4349.123595405109,41212.027795399015,4.526825229961694,1.0,0.001999333555481506,0.5018327224258581,False
OTM6_NEXT2_K3M4,75569.65867166744,-4349.123595405109,43731.88300085101,4.348989190374226,1.0,0.001999333555481506,0.5018327224258581,False
OTM6_NEXT3_K3M0.5,38700.93273393495,-14754.909676815107,-24372.44852161149,-6.801267100507161,1.0,0.2299233588803732,1.0,False
OTM6_NEXT3_K3M1,34391.07537988994,-11470.83112913261,-11239.018098062483,-3.73056588660225,1.0,0.18060646451182938,1.0,False
OTM6_NEXT3_K3M1.5,44037.090868799845,-10965.30022384511,-2521.697280158486,-0.9289455586976544,1.0,0.046317894035321557,1.0,False
OTM6_NEXT3_K3M2,42397.28443627734,-10965.30022384511,8387.86381816851,1.4770146294623958,1.0,0.05131622792402533,1.0,False
OTM6_NEXT3_K3M2.5,42397.28443627734,-10965.30022384511,10389.070216944516,1.5683392920590844,1.0,0.05131622792402533,1.0,False
OTM6_NEXT3_K3M3,42397.28443627734,-10965.30022384511,10389.070216944516,1.5683392920590844,1.0,0.05131622792402533,1.0,False
OTM6_NEXT3_K3M4,42397.28443627734,-10965.30022384511,10389.070216944516,1.5683392920590844,1.0,0.05131622792402533,1.0,False
OTM6_MIRROR_GAP_K3M0.5,27506.861738995056,-22299.624986535113,-29673.833081209883,-9.898584625673083,1.0,0.3125624791736088,1.0,False
OTM6_MIRROR_GAP_K3M1,19870.65230824756,-22299.624986535113,-22111.75176168638,-10.206619926103228,1.0,0.3595468177274242,1.0,False
OTM6_MIRROR_GAP_K3M1.5,19870.65230824756,-22299.624986535113,-21352.332001743376,-9.41994731144038,1.0,0.3595468177274242,1.0,False
OTM6_MIRROR_GAP_K3M2,19870.65230824756,-22299.624986535113,-21352.332001743376,-9.41994731144038,1.0,0.3595468177274242,1.0,False
OTM6_MIRROR_GAP_K3M2.5,19870.65230824756,-22299.624986535113,-21352.332001743376,-9.41994731144038,1.0,0.3595468177274242,1.0,False
OTM6_MIRROR_GAP_K3M3,19870.65230824756,-22299.624986535113,-21352.332001743376,-9.41994731144038,1.0,0.3595468177274242,1.0,False
OTM6_MIRROR_GAP_K3M4,19870.65230824756,-22299.624986535113,-21352.332001743376,-9.41994731144038,1.0,0.3595468177274242,1.0,False
OTM7_NEXT1_K3M0.5,1974.0299557352246,-11768.426138947498,-23358.672055617593,-6.447272568239556,1.0,0.5988003998667111,1.0,False
OTM7_NEXT1_K3M1,9378.877861860221,-8398.2201036975,-17669.317604763593,-5.177946968364216,1.0,0.46951016327890704,1.0,False
OTM7_NEXT1_K3M1.5,19793.282180072718,-5159.077636484999,-11836.923233852094,-4.03788358413602,1.0,0.2772409196934355,1.0,False
OTM7_NEXT1_K3M2,44172.000645035216,-2107.168837897499,-5722.222834887595,-2.155277393968936,1.0,0.00433188937020993,0.9876707764078639,False
OTM7_NEXT1_K3M2.5,63741.57263275011,903.5485535925015,4250.476113040904,1.0388556477204958,1.0,0.0006664445184938354,0.17994001999333556,False
OTM7_NEXT1_K3M3,78392.72530893261,1611.2918209950012,9473.154123166905,2.0738566906509415,1.0,0.0003332222592469177,0.16794401866044653,False
OTM7_NEXT1_K3M4,91184.1857814776,2734.693832745001,24007.361817044402,3.58966169281726,1.0,0.0003332222592469177,0.16794401866044653,False
OTM7_NEXT2_K3M0.5,918.7009215977178,-11977.46662704,-23541.071458695995,-8.127613407207313,1.0,0.5838053982005998,1.0,False
OTM7_NEXT2_K3M1,42084.520592930116,-6244.3716937425,-12605.421327087093,-5.498670577714588,1.0,0.12029323558813729,1.0,False
OTM7_NEXT2_K3M1.5,50877.93848077251,-4387.0137009825,-4364.886261450594,-2.1576248283166946,1.0,0.004998333888703766,1.0,False
OTM7_NEXT2_K3M2,61805.176338440004,-3881.482795695,7443.320984132406,1.8135803622755653,1.0,0.001999333555481506,0.5018327224258581,False
OTM7_NEXT2_K3M2.5,67681.06952495,-3881.482795695,19762.137226151906,2.982023521784531,1.0,0.0016661112962345886,0.4265244918360547,False
OTM7_NEXT2_K3M3,67681.06952495,-3881.482795695,32810.4497079684,3.997220790523508,1.0,0.0016661112962345886,0.4265244918360547,False
OTM7_NEXT2_K3M4,67681.06952495,-3881.482795695,34963.51645961591,3.8761497178858817,1.0,0.0016661112962345886,0.4265244918360547,False
OTM7_NEXT3_K3M0.5,40690.0752815126,-12701.260258649998,-23715.8181113471,-10.108297518636233,1.0,0.19060313228923692,1.0,False
OTM7_NEXT3_K3M1,42382.15885903011,-9319.8202032825,-12504.539230844599,-8.765862286347678,1.0,0.10863045651449517,1.0,False
OTM7_NEXT3_K3M1.5,35445.612414395,-9319.8202032825,-5223.356081006595,-3.2266925180739134,1.0,0.10996334555148284,1.0,False
OTM7_NEXT3_K3M2,35445.612414395,-9319.8202032825,5670.334803987407,0.9966997186021489,1.0,0.10996334555148284,1.0,False
OTM7_NEXT3_K3M2.5,35445.612414395,-9319.8202032825,5670.334803987407,0.9966997186021489,1.0,0.10996334555148284,1.0,False
OTM7_NEXT3_K3M3,35445.612414395,-9319.8202032825,5670.334803987407,0.9966997186021489,1.0,0.10996334555148284,1.0,False
OTM7_NEXT3_K3M4,35445.612414395,-9319.8202032825,5670.334803987407,0.9966997186021489,1.0,0.10996334555148284,1.0,False
OTM7_MIRROR_GAP_K3M0.5,22859.26269475533,-20625.2680052625,-30788.451986884596,-19.898679947097595,1.0,0.3255581472842386,1.0,False
OTM7_MIRROR_GAP_K3M1,19727.173630747835,-20625.2680052625,-28696.095584685096,-21.695293585302583,1.0,0.34221926024658444,1.0,False
OTM7_MIRROR_GAP_K3M1.5,19727.173630747835,-20625.2680052625,-28696.095584685096,-21.695293585302583,1.0,0.34221926024658444,1.0,False
OTM7_MIRROR_GAP_K3M2,19727.173630747835,-20625.2680052625,-28696.095584685096,-21.695293585302583,1.0,0.34221926024658444,1.0,False
OTM7_MIRROR_GAP_K3M2.5,19727.173630747835,-20625.2680052625,-28696.095584685096,-21.695293585302583,1.0,0.34221926024658444,1.0,False
OTM7_MIRROR_GAP_K3M3,19727.173630747835,-20625.2680052625,-28696.095584685096,-21.695293585302583,1.0,0.34221926024658444,1.0,False
OTM7_MIRROR_GAP_K3M4,19727.173630747835,-20625.2680052625,-28696.095584685096,-21.695293585302583,1.0,0.34221926024658444,1.0,False
OTM8_NEXT1_K3M0.5,-15611.120394584781,-8696.0892015975,-19355.845153708502,-7.287075046024999,1.0,0.789736754415195,1.0,False
OTM8_NEXT1_K3M1,-12088.762088894786,-6400.604424254999,-14362.299771771,-5.919870830208957,1.0,0.7624125291569477,1.0,False
OTM8_NEXT1_K3M1.5,46412.144976335105,-3805.545777112499,-9510.307888635001,-4.336844818123907,1.0,0.10663112295901367,1.0,False
OTM8_NEXT1_K3M2,46904.43674966511,-1236.6998435774992,-5328.485376444,-2.520436510683482,1.0,0.05731422859046984,1.0,False
OTM8_NEXT1_K3M2.5,56678.04564949249,583.2114154574997,-1734.4969587355001,-0.8183123208677231,1.0,0.01866044651782739,1.0,False
OTM8_NEXT1_K3M3,74760.73449652999,1721.5921206974997,7503.843375046999,2.0603933526543745,1.0,0.0003332222592469177,0.16794401866044653,False
OTM8_NEXT1_K3M4,77857.4238961775,2683.973177429999,15244.363552865998,3.338440258433825,1.0,0.0003332222592469177,0.16794401866044653,False
OTM8_NEXT2_K3M0.5,44103.89598816283,-9131.542983525,-19809.0425112145,-9.358138285135325,1.0,0.1792735754748417,1.0,False
OTM8_NEXT2_K3M1,46583.0573631801,-4458.190614644999,-11347.3022027625,-6.474813225309555,1.0,0.10196601132955681,1.0,False
OTM8_NEXT2_K3M1.5,47812.1611142951,-3211.2143816024995,-4335.546015853003,-2.7076698325152386,1.0,0.040986337887370876,1.0,False
OTM8_NEXT2_K3M2,62057.23210106249,-2754.3642301574996,5525.593406373497,1.737336684823554,1.0,0.003332222592469177,0.7864045318227258,False
OTM8_NEXT2_K3M2.5,56533.83025257749,-2754.3642301574996,17260.805198106995,3.0570131764477098,1.0,0.003998667110963012,0.9276907697434188,False
OTM8_NEXT2_K3M3,56533.83025257749,-2754.3642301574996,18756.005399341997,2.9724864172882133,1.0,0.003998667110963012,0.9276907697434188,False
OTM8_NEXT2_K3M4,56533.83025257749,-2754.3642301574996,20357.675630899495,2.8891792636916054,1.0,0.003998667110963012,0.9276907697434188,False
OTM8_NEXT3_K3M0.5,44202.46564551021,-9912.5380317075,-20735.8596862035,-11.235683803432337,1.0,0.16794401866044653,1.0,False
OTM8_NEXT3_K3M1,41150.18199717021,-7471.0109928375,-10545.735398419401,-8.52473786186114,1.0,0.1036321226257914,1.0,False
OTM8_NEXT3_K3M1.5,32896.21899899272,-7137.735062685,-4364.573160421899,-3.341416226760901,1.0,0.10596467844051982,1.0,False
OTM8_NEXT3_K3M2,32896.21899899272,-7137.735062685,4485.909126258099,0.8743608612359263,1.0,0.10596467844051982,1.0,False
OTM8_NEXT3_K3M2.5,32896.21899899272,-7137.735062685,4485.909126258099,0.8743608612359263,1.0,0.10596467844051982,1.0,False
OTM8_NEXT3_K3M3,32896.21899899272,-7137.735062685,4485.909126258099,0.8743608612359263,1.0,0.10596467844051982,1.0,False
OTM8_NEXT3_K3M4,32896.21899899272,-7137.735062685,4485.909126258099,0.8743608612359263,1.0,0.10596467844051982,1.0,False
OTM8_MIRROR_GAP_K3M0.5,44428.52502964283,-17376.9682379775,,,1.0,0.20059980006664446,1.0,False
OTM8_MIRROR_GAP_K3M1,44645.76051049282,-17376.9682379775,,,1.0,0.19926691102965677,1.0,False
OTM8_MIRROR_GAP_K3M1.5,44645.76051049282,-17376.9682379775,,,1.0,0.19926691102965677,1.0,False
OTM8_MIRROR_GAP_K3M2,44645.76051049282,-17376.9682379775,,,1.0,0.19926691102965677,1.0,False
OTM8_MIRROR_GAP_K3M2.5,44645.76051049282,-17376.9682379775,,,1.0,0.19926691102965677,1.0,False
OTM8_MIRROR_GAP_K3M3,44645.76051049282,-17376.9682379775,,,1.0,0.19926691102965677,1.0,False
OTM8_MIRROR_GAP_K3M4,44645.76051049282,-17376.9682379775,,,1.0,0.19926691102965677,1.0,False
ATM_NEAREST_NEXT1_K3M0.5,-177824.7604052897,-59917.2793052951,-32280.849475016388,-2.5460570751211447,1.0,0.9926691102965678,1.0,False
ATM_NEAREST_NEXT1_K3M1,69916.69597469528,-40113.87790249761,-15277.381243671387,-1.2369419833137287,1.0,0.04565144951682772,1.0,False
ATM_NEAREST_NEXT1_K3M1.5,108324.84424081512,-23303.933002082613,-5381.968139617004,-0.4591139899953649,1.0,0.0003332222592469177,0.16794401866044653,False
ATM_NEAREST_NEXT1_K3M2,174296.7871873825,1809.4776035600044,6802.111007682503,0.5977216043510206,1.0,0.0003332222592469177,0.16794401866044653,False
ATM_NEAREST_NEXT1_K3M2.5,219927.38129031006,31743.130085584944,43105.838156519494,3.265378635127387,1.0,0.0003332222592469177,0.16794401866044653,False
ATM_NEAREST_NEXT1_K3M3,280443.45595717756,56415.62991129,72679.83600967059,5.291099943139538,1.0,0.0003332222592469177,0.16794401866044653,False
ATM_NEAREST_NEXT1_K3M4,366355.1153407176,80403.48769282753,106337.0306839511,7.1724571358714355,1.0,0.0003332222592469177,0.16794401866044653,False
ATM_NEAREST_NEXT2_K3M0.5,-104333.60598556724,-36156.05197273272,-26319.201677107383,-2.1272057662077444,1.0,0.9586804398533822,1.0,False
ATM_NEAREST_NEXT2_K3M1,74014.31782914011,-2302.6446956175623,-2316.061846228001,-0.20707008056844342,1.0,0.006664445184938354,1.0,False
ATM_NEAREST_NEXT2_K3M1.5,175421.83978035755,19682.110462982433,26428.503794327997,2.285687313171642,1.0,0.0003332222592469177,0.16794401866044653,False
ATM_NEAREST_NEXT2_K3M2,230718.83018945748,29854.416566864937,50954.36147306459,4.181224292180525,1.0,0.0003332222592469177,0.16794401866044653,False
ATM_NEAREST_NEXT2_K3M2.5,258569.67536075,32505.95512421244,76293.5760587186,5.429534252575392,1.0,0.0003332222592469177,0.16794401866044653,False
ATM_NEAREST_NEXT2_K3M3,259855.24551125002,32505.95512421244,85692.71709997611,5.531279054974799,1.0,0.0003332222592469177,0.16794401866044653,False
ATM_NEAREST_NEXT2_K3M4,264479.075177915,32505.95512421244,102073.0187759416,5.665020558918703,1.0,0.0003332222592469177,0.16794401866044653,False
ATM_NEAREST_NEXT3_K3M0.5,-54947.92483792233,-31062.89422087761,-23728.024233490505,-1.9078995929410068,1.0,0.7994001999333555,1.0,False
ATM_NEAREST_NEXT3_K3M1,84032.50177172512,2948.994488274948,11708.436204134996,1.0469852968083908,1.0,0.0013328890369876708,0.3465511496167944,False
ATM_NEAREST_NEXT3_K3M1.5,144417.0720634751,8781.716551579948,33322.82032848909,2.9021865727963068,1.0,0.0003332222592469177,0.16794401866044653,False
ATM_NEAREST_NEXT3_K3M2,160220.96598898762,8781.716551579948,47282.04657722959,3.758652931558704,1.0,0.0003332222592469177,0.16794401866044653,False
ATM_NEAREST_NEXT3_K3M2.5,160220.96598898762,8781.716551579948,56440.700391422586,3.8629551251045395,1.0,0.0003332222592469177,0.16794401866044653,False
ATM_NEAREST_NEXT3_K3M3,160220.96598898762,8781.716551579948,59435.28530799259,3.8293355608030124,1.0,0.0003332222592469177,0.16794401866044653,False
ATM_NEAREST_NEXT3_K3M4,160220.96598898762,8781.716551579948,59435.28530799259,3.8293355608030124,1.0,0.0003332222592469177,0.16794401866044653,False
ATM_NEAREST_MIRROR_GAP_K3M0.5,-177824.7604052897,-59917.2793052951,-32280.849475016388,-2.5460570751211447,1.0,0.9926691102965678,1.0,False
ATM_NEAREST_MIRROR_GAP_K3M1,69916.69597469528,-40113.87790249761,-15277.381243671387,-1.2369419833137287,1.0,0.04565144951682772,1.0,False
ATM_NEAREST_MIRROR_GAP_K3M1.5,108324.84424081512,-23303.933002082613,-5381.968139617004,-0.4591139899953649,1.0,0.0003332222592469177,0.16794401866044653,False
ATM_NEAREST_MIRROR_GAP_K3M2,174296.7871873825,1809.4776035600044,6802.111007682503,0.5977216043510206,1.0,0.0003332222592469177,0.16794401866044653,False
ATM_NEAREST_MIRROR_GAP_K3M2.5,219927.38129031006,31743.130085584944,43105.838156519494,3.265378635127387,1.0,0.0003332222592469177,0.16794401866044653,False
ATM_NEAREST_MIRROR_GAP_K3M3,280443.45595717756,56415.62991129,72679.83600967059,5.291099943139538,1.0,0.0003332222592469177,0.16794401866044653,False
ATM_NEAREST_MIRROR_GAP_K3M4,366355.1153407176,80403.48769282753,106337.0306839511,7.1724571358714355,1.0,0.0003332222592469177,0.16794401866044653,False
ATM_UP_NEXT1_K3M0.5,-149086.50146974224,-46918.89875963511,-31827.44906239289,-2.5901184692647625,1.0,0.9873375541486171,1.0,False
ATM_UP_NEXT1_K3M1,75492.86694815526,-28855.51464431761,-15492.684792241385,-1.2976051808222688,1.0,0.026657780739753417,1.0,False
ATM_UP_NEXT1_K3M1.5,138953.59658264,-16409.830254072604,-3984.4744365975002,-0.3456560809077797,1.0,0.0003332222592469177,0.16794401866044653,False
ATM_UP_NEXT1_K3M2,175551.71034297996,2448.633194762395,8156.207539364,0.7375099827098381,1.0,0.0003332222592469177,0.16794401866044653,False
ATM_UP_NEXT1_K3M2.5,217860.5109883576,30640.306889362495,33511.992016975004,2.666480124195217,1.0,0.0003332222592469177,0.16794401866044653,False
ATM_UP_NEXT1_K3M3,264299.36870525253,38282.812225534995,70160.52082091548,5.2483334754285,1.0,0.0003332222592469177,0.16794401866044653,False
ATM_UP_NEXT1_K3M4,336815.67719862756,76255.84561244254,102414.5230046981,7.203774780143439,1.0,0.0003332222592469177,0.16794401866044653,False
ATM_UP_NEXT2_K3M0.5,-82345.50324537473,-26262.99711396022,-27082.676495139884,-2.2880535215057827,1.0,0.9383538820393202,1.0,False
ATM_UP_NEXT2_K3M1,101837.42916353,-3289.6897378926105,-4543.8612036150025,-0.42875956032075335,1.0,0.0003332222592469177,0.16794401866044653,False
ATM_UP_NEXT2_K3M1.5,166468.16906595754,20708.60656826994,32681.173777010496,2.9089176799871614,1.0,0.0003332222592469177,0.16794401866044653,False
ATM_UP_NEXT2_K3M2,226197.49043009,26846.844057532442,46882.22740724159,3.8839573257975606,1.0,0.0003332222592469177,0.16794401866044653,False
ATM_UP_NEXT2_K3M2.5,249057.65400635748,29498.38261487994,65510.1974032486,4.906196351867157,1.0,0.0003332222592469177,0.16794401866044653,False
ATM_UP_NEXT2_K3M3,262266.22877769504,29498.38261487994,80662.58668165159,5.217634971330191,1.0,0.0003332222592469177,0.16794401866044653,False
ATM_UP_NEXT2_K3M4,266890.05844436004,29498.38261487994,93889.2549159961,5.308589760009833,1.0,0.0003332222592469177,0.16794401866044653,False
ATM_UP_NEXT3_K3M0.5,-79282.46783649737,-21536.148763497607,-23258.7552925775,-1.9468163312798439,1.0,0.9490169943352216,1.0,False
ATM_UP_NEXT3_K3M1,88805.48316516263,412.99595475739716,11631.189537078008,1.0939543925567625,1.0,0.000999666777740753,0.26491169610129955,False
ATM_UP_NEXT3_K3M1.5,138121.3668008951,3803.9799086348976,33025.6373783916,2.9762501118039086,1.0,0.0003332222592469177,0.16794401866044653,False
ATM_UP_NEXT3_K3M2,153539.18470654008,3803.9799086348976,47842.9312896231,3.9306082461506073,1.0,0.0003332222592469177,0.16794401866044653,False
ATM_UP_NEXT3_K3M2.5,153539.18470654008,3803.9799086348976,57018.762614608095,4.042053059275981,1.0,0.0003332222592469177,0.16794401866044653,False
ATM_UP_NEXT3_K3M3,153539.18470654008,3803.9799086348976,60013.3475311781,3.988967265402405,1.0,0.0003332222592469177,0.16794401866044653,False
ATM_UP_NEXT3_K3M4,153539.18470654008,3803.9799086348976,60013.3475311781,3.988967265402405,1.0,0.0003332222592469177,0.16794401866044653,False
ATM_UP_MIRROR_GAP_K3M0.5,-149086.50146974224,-46918.89875963511,-31827.44906239289,-2.5901184692647625,1.0,0.9873375541486171,1.0,False
ATM_UP_MIRROR_GAP_K3M1,75492.86694815526,-28855.51464431761,-15492.684792241385,-1.2976051808222688,1.0,0.026657780739753417,1.0,False
ATM_UP_MIRROR_GAP_K3M1.5,138953.59658264,-16409.830254072604,-3984.4744365975002,-0.3456560809077797,1.0,0.0003332222592469177,0.16794401866044653,False
ATM_UP_MIRROR_GAP_K3M2,175551.71034297996,2448.633194762395,8156.207539364,0.7375099827098381,1.0,0.0003332222592469177,0.16794401866044653,False
ATM_UP_MIRROR_GAP_K3M2.5,217860.5109883576,30640.306889362495,33511.992016975004,2.666480124195217,1.0,0.0003332222592469177,0.16794401866044653,False
ATM_UP_MIRROR_GAP_K3M3,264299.36870525253,38282.812225534995,70160.52082091548,5.2483334754285,1.0,0.0003332222592469177,0.16794401866044653,False
ATM_UP_MIRROR_GAP_K3M4,336815.67719862756,76255.84561244254,102414.5230046981,7.203774780143439,1.0,0.0003332222592469177,0.16794401866044653,False
ITM1_NEXT1_K3M0.5,-258893.9571017923,-69653.62851138017,-42983.96482173338,-2.818469079742336,1.0,0.9950016661112963,1.0,False
ITM1_NEXT1_K3M1,74158.43700368029,-44824.26881100261,-26579.62161510089,-1.820369138046171,1.0,0.03865378207264245,1.0,False
ITM1_NEXT1_K3M1.5,109934.6439687151,-21647.310255970122,-10094.303460388493,-0.7071655678281007,1.0,0.0003332222592469177,0.16794401866044653,False
ITM1_NEXT1_K3M2,184255.09886064494,8370.811666042497,9883.80773075001,0.6762704505201547,1.0,0.0003332222592469177,0.16794401866044653,False
ITM1_NEXT1_K3M2.5,235843.40042746504,29083.83735052994,39552.252137453004,2.6032687801581065,1.0,0.0003332222592469177,0.16794401866044653,False
ITM1_NEXT1_K3M3,302435.4239564825,54865.12156785,74242.5285495661,4.809693813040555,1.0,0.0003332222592469177,0.16794401866044653,False
ITM1_NEXT1_K3M4,399887.74856104254,97892.29131515994,120585.3578005056,7.3806797940774755,1.0,0.0003332222592469177,0.16794401866044653,False
ITM1_NEXT2_K3M0.5,-73277.74721187472,-52345.24048294517,-36340.50331492539,-2.4217131313078006,1.0,0.9183605464845052,1.0,False
ITM1_NEXT2_K3M1,75993.72020494753,-1597.5872847675573,-6563.592800112996,-0.49604374677930596,1.0,0.004665111629456847,1.0,False
ITM1_NEXT2_K3M1.5,193941.44952555004,33118.54519338733,24081.982223991,1.8519138267866555,1.0,0.0003332222592469177,0.16794401866044653,False
ITM1_NEXT2_K3M2,265562.13848088,39681.18896188988,68308.9888832081,6.178367117494364,1.0,0.0003332222592469177,0.16794401866044653,False
ITM1_NEXT2_K3M2.5,298909.49249513244,45803.00507230238,77289.816761641,4.839404105108766,1.0,0.0003332222592469177,0.16794401866044653,False
ITM1_NEXT2_K3M3,304653.92590599746,45803.00507230238,108207.242376496,6.8261718949471595,1.0,0.0003332222592469177,0.16794401866044653,False
ITM1_NEXT2_K3M4,314623.3503259875,45803.00507230238,126178.59190726047,6.751054267066728,1.0,0.0003332222592469177,0.16794401866044653,False
ITM1_NEXT3_K3M0.5,-34312.24636948727,-40346.88812327766,-30555.4900473875,-2.163319949420038,1.0,0.7270909696767744,1.0,False
ITM1_NEXT3_K3M1,105012.9673228351,15017.007144722333,8301.717119829002,0.6511845911081697,1.0,0.0006664445184938354,0.17994001999333556,False
ITM1_NEXT3_K3M1.5,157465.37181816256,22919.427329784827,31968.588017143105,2.391373437116292,1.0,0.0003332222592469177,0.16794401866044653,False
ITM1_NEXT3_K3M2,177984.65657835256,22919.427329784827,56382.7453815921,3.6908987823490325,1.0,0.0003332222592469177,0.16794401866044653,False
ITM1_NEXT3_K3M2.5,183685.72667167755,22919.427329784827,67178.8221592861,4.036208564312901,1.0,0.0003332222592469177,0.16794401866044653,False
ITM1_NEXT3_K3M3,183685.72667167755,22919.427329784827,70507.08997602359,4.009421743845752,1.0,0.0003332222592469177,0.16794401866044653,False
ITM1_NEXT3_K3M4,183685.72667167755,22919.427329784827,70507.08997602359,4.009421743845752,1.0,0.0003332222592469177,0.16794401866044653,False
ITM1_MIRROR_GAP_K3M0.5,-258893.9571017923,-69653.62851138017,-42983.96482173338,-2.818469079742336,1.0,0.9950016661112963,1.0,False
ITM1_MIRROR_GAP_K3M1,74158.43700368029,-44824.26881100261,-26579.62161510089,-1.820369138046171,1.0,0.03865378207264245,1.0,False
ITM1_MIRROR_GAP_K3M1.5,109934.6439687151,-21647.310255970122,-10094.303460388493,-0.7071655678281007,1.0,0.0003332222592469177,0.16794401866044653,False
ITM1_MIRROR_GAP_K3M2,184255.09886064494,8370.811666042497,9883.80773075001,0.6762704505201547,1.0,0.0003332222592469177,0.16794401866044653,False
ITM1_MIRROR_GAP_K3M2.5,235843.40042746504,29083.83735052994,39552.252137453004,2.6032687801581065,1.0,0.0003332222592469177,0.16794401866044653,False
ITM1_MIRROR_GAP_K3M3,302435.4239564825,54865.12156785,74242.5285495661,4.809693813040555,1.0,0.0003332222592469177,0.16794401866044653,False
ITM1_MIRROR_GAP_K3M4,399887.74856104254,97892.29131515994,120585.3578005056,7.3806797940774755,1.0,0.0003332222592469177,0.16794401866044653,False
ITM2_NEXT1_K3M0.5,-308600.5848627024,-101498.60187700766,-67437.7701634709,-2.903430039312407,1.0,0.9996667777407531,1.0,False
ITM2_NEXT1_K3M1,-8443.659823477343,-73331.06335715765,-34334.77426001038,-1.8626708783813182,1.0,0.550816394535155,1.0,False
ITM2_NEXT1_K3M1.5,73905.03167817512,-43732.998216592605,-22473.827154984097,-1.2648259499950547,1.0,0.03365544818393869,1.0,False
ITM2_NEXT1_K3M2,182352.53837888755,-7510.736844787487,-3003.928483968095,-0.16906598784269272,1.0,0.0003332222592469177,0.16794401866044653,False
ITM2_NEXT1_K3M2.5,240616.39608646996,21464.718201964948,49316.62701056349,2.600168047386118,1.0,0.0003332222592469177,0.16794401866044653,False
ITM2_NEXT1_K3M3,325401.77448991506,57210.06772426756,70949.2483238236,3.74327896904346,1.0,0.0003332222592469177,0.16794401866044653,False
ITM2_NEXT1_K3M4,458983.50410208496,104540.15936090998,135802.9095631599,7.4240158378344585,1.0,0.0003332222592469177,0.16794401866044653,False
ITM2_NEXT2_K3M0.5,-82974.12134170983,-78181.24068400016,-47964.416571429385,-2.6929807821791916,1.0,0.8630456514495168,1.0,False
ITM2_NEXT2_K3M1,82179.5569324076,-11501.173762520046,-19128.8623866185,-1.1615174181652317,1.0,0.032322559146951015,1.0,False
ITM2_NEXT2_K3M1.5,185400.69634536255,22111.9027886225,2576.2763349111037,0.10649469257389109,1.0,0.0003332222592469177,0.16794401866044653,False
ITM2_NEXT2_K3M2,272035.01790647005,75417.04051855495,81320.19636954398,5.577217490939916,1.0,0.0003332222592469177,0.16794401866044653,False
ITM2_NEXT2_K3M2.5,352437.1415123151,79037.34872708995,93908.37982699739,6.181266358364499,1.0,0.0003332222592469177,0.16794401866044653,False
ITM2_NEXT2_K3M3,369378.4191882726,81959.49845706744,112825.03203813589,6.416527080590388,1.0,0.0003332222592469177,0.16794401866044653,False
ITM2_NEXT2_K3M4,385144.24213856756,81959.49845706744,133019.46814466888,6.7771583518910905,1.0,0.0003332222592469177,0.16794401866044653,False
ITM2_NEXT3_K3M0.5,-79872.59481220745,-41714.282569632705,-40642.3545277885,-2.3270819031455297,1.0,0.9833388870376542,1.0,False
ITM2_NEXT3_K3M1,101706.27533588505,25005.059911949887,11880.494188529385,0.8732976548508963,1.0,0.0013328890369876708,0.3465511496167944,False
ITM2_NEXT3_K3M1.5,169708.043390165,34667.25213313489,37933.0266780549,2.8247491738800043,1.0,0.0003332222592469177,0.16794401866044653,False
ITM2_NEXT3_K3M2,201350.9435229875,37659.66821138988,63255.46395968989,3.9261492623212053,1.0,0.0003332222592469177,0.16794401866044653,False
ITM2_NEXT3_K3M2.5,206188.219571885,37659.66821138988,75255.40074361589,4.385566104722556,1.0,0.0003332222592469177,0.16794401866044653,False
ITM2_NEXT3_K3M3,206188.219571885,37659.66821138988,81374.04453763188,4.322649145334331,1.0,0.0003332222592469177,0.16794401866044653,False
ITM2_NEXT3_K3M4,206188.219571885,37659.66821138988,81374.04453763188,4.322649145334331,1.0,0.0003332222592469177,0.16794401866044653,False
ITM2_MIRROR_GAP_K3M0.5,-175635.51802524232,-92321.33968648766,-53787.9587398459,-3.148096507867131,1.0,0.9923358880373209,1.0,False
ITM2_MIRROR_GAP_K3M1,18702.6898540151,-49112.26275020011,-20761.2259628849,-1.262949579221167,1.0,0.3112295901366211,1.0,False
ITM2_MIRROR_GAP_K3M1.5,134149.42459605506,-23080.253209710056,12480.652870403013,0.7969985375621713,1.0,0.0003332222592469177,0.16794401866044653,False
ITM2_MIRROR_GAP_K3M2,252568.81787873755,33077.00364815995,50255.208767215394,3.372562076542118,1.0,0.0003332222592469177,0.16794401866044653,False
ITM2_MIRROR_GAP_K3M2.5,315547.8883000475,59995.46219341988,93422.9215825013,6.056105140258737,1.0,0.0003332222592469177,0.16794401866044653,False
ITM2_MIRROR_GAP_K3M3,377793.1609600952,80634.94910468244,115444.57896507591,6.553387385760049,1.0,0.0003332222592469177,0.16794401866044653,False
ITM2_MIRROR_GAP_K3M4,428165.91077207256,94333.46295777743,141573.02268897992,7.2650532986058876,1.0,0.0003332222592469177,0.16794401866044653,False
ITM3_NEXT1_K3M0.5,,-140110.27940480516,-87078.86028809339,-3.202284019904492,1.0,0.9933355548150616,1.0,False
ITM3_NEXT1_K3M1,-80195.24816344236,-109169.74538272015,-49068.45928616259,-2.2248339707154057,1.0,0.9856714428523825,1.0,False
ITM3_NEXT1_K3M1.5,50583.543906130115,-66441.26289989756,-27930.626175069086,-1.321033266232547,1.0,0.1169610129956681,1.0,False
ITM3_NEXT1_K3M2,152204.8758331876,-20800.01102716995,8238.301725519488,0.3844322731046549,1.0,0.0006664445184938354,0.17994001999333556,False
ITM3_NEXT1_K3M2.5,263840.13762277504,32679.19771187505,45179.03644731299,2.082947369054082,1.0,0.0003332222592469177,0.16794401866044653,False
ITM3_NEXT1_K3M3,315845.08028623264,53640.11191299255,95896.74925852199,5.3150632902964485,1.0,0.0003332222592469177,0.16794401866044653,False
ITM3_NEXT1_K3M4,487201.9264482776,105010.16771312,156550.980062336,8.532253920440077,1.0,0.0003332222592469177,0.16794401866044653,False
ITM3_NEXT2_K3M0.5,-70167.44637105228,-108057.18509215768,-69015.25988501949,-3.178437701672628,1.0,0.8843718760413196,1.0,False
ITM3_NEXT2_K3M1,60352.514244925085,-48693.688978765014,-21316.258584013594,-1.1202660093232566,1.0,0.05131622792402533,1.0,False
ITM3_NEXT2_K3M1.5,206109.05419729505,21933.7797325575,31939.55738702909,1.6113318496414841,1.0,0.0003332222592469177,0.16794401866044653,False
ITM3_NEXT2_K3M2,334640.63899694773,78636.4249229025,100533.62594847938,6.2940132914169755,1.0,0.0003332222592469177,0.16794401866044653,False
ITM3_NEXT2_K3M2.5,425264.9225486651,94670.6413084175,119796.39477183591,6.975845891651346,1.0,0.0003332222592469177,0.16794401866044653,False
ITM3_NEXT2_K3M3,459074.20210871,99346.6199522975,135005.4347899494,7.291073434162883,1.0,0.0003332222592469177,0.16794401866044653,False
ITM3_NEXT2_K3M4,491226.31147022004,99346.6199522975,162203.7521978539,7.702380064322798,1.0,0.0003332222592469177,0.16794401866044653,False
ITM3_NEXT3_K3M0.5,-93410.60843233233,-65570.47643258024,-64484.62716657639,-3.122078846998568,1.0,0.979673442185938,1.0,False
ITM3_NEXT3_K3M1,103108.22116739754,-3800.381310774997,10123.51453837999,0.6603462078812941,1.0,0.0006664445184938354,0.17994001999333556,False
ITM3_NEXT3_K3M1.5,214913.4567187076,50210.561929937394,55223.01805761339,3.84359218627975,1.0,0.0003332222592469177,0.16794401866044653,False
ITM3_NEXT3_K3M2,236208.29972962008,54310.46893614238,85152.95492378689,5.158428815724032,1.0,0.0003332222592469177,0.16794401866044653,False
ITM3_NEXT3_K3M2.5,251974.1226799151,54310.46893614238,98894.0745827029,5.438153164202622,1.0,0.0003332222592469177,0.16794401866044653,False
ITM3_NEXT3_K3M3,251974.1226799151,54310.46893614238,101759.3310587069,5.377221585730213,1.0,0.0003332222592469177,0.16794401866044653,False
ITM3_NEXT3_K3M4,251974.1226799151,54310.46893614238,105643.2996606879,5.266711956398593,1.0,0.0003332222592469177,0.16794401866044653,False
ITM3_MIRROR_GAP_K3M0.5,-87578.73829742734,-100587.48826289517,-65631.56088381489,-3.220688454241042,1.0,0.9646784405198268,1.0,False
ITM3_MIRROR_GAP_K3M1,67984.10962702501,-47949.71103308245,4695.286477705394,0.3072081264125898,1.0,0.026657780739753417,1.0,False
ITM3_MIRROR_GAP_K3M1.5,211419.13855476512,40616.89344323739,61514.976272340886,4.02559722991394,1.0,0.0003332222592469177,0.16794401866044653,False
ITM3_MIRROR_GAP_K3M2,297829.5861810576,64108.527211417444,98589.74715150439,5.750994449055031,1.0,0.0003332222592469177,0.16794401866044653,False
ITM3_MIRROR_GAP_K3M2.5,315474.54738087516,73783.79854456244,112289.06277081191,6.206486031674474,1.0,0.0003332222592469177,0.16794401866044653,False
ITM3_MIRROR_GAP_K3M3,322729.1572612776,73783.79854456244,115490.0623718059,6.026256120772568,1.0,0.0003332222592469177,0.16794401866044653,False
ITM3_MIRROR_GAP_K3M4,327699.8079962901,73783.79854456244,130392.7529172239,5.962446040839616,1.0,0.0003332222592469177,0.16794401866044653,False
ITM4_NEXT1_K3M0.5,-432694.57897003734,-182806.02662348517,-107130.7373250755,-3.3514603322911856,1.0,0.9936687770743086,1.0,False
ITM4_NEXT1_K3M1,-152592.5867422872,-153410.53114948765,-61802.29858825259,-2.2917023591960084,1.0,0.9776741086304566,1.0,False
ITM4_NEXT1_K3M1.5,15237.718218315102,-101034.13402134005,-37674.645179815605,-1.4407717076619875,1.0,0.3875374875041653,1.0,False
ITM4_NEXT1_K3M2,86250.93834369759,-72352.3315257425,14170.230926811506,0.5418318708009924,1.0,0.09163612129290237,1.0,False
ITM4_NEXT1_K3M2.5,265682.8735177128,16643.457456282606,37886.64524682651,1.4519344870574227,1.0,0.0003332222592469177,0.16794401866044653,False
ITM4_NEXT1_K3M3,375214.1362715028,39843.70213315755,103803.58842949597,5.155391115508185,1.0,0.0003332222592469177,0.16794401866044653,False
ITM4_NEXT1_K3M4,558386.0124869926,95626.41041426754,165352.307758716,7.67747405790784,1.0,0.0003332222592469177,0.16794401866044653,False
ITM4_NEXT2_K3M0.5,-155519.8689470697,-150865.16105966514,-87584.2538416495,-3.3931088642430467,1.0,0.9990003332222592,1.0,False
ITM4_NEXT2_K3M1,-16477.360650912327,-35611.62629059255,-34837.1635865831,-1.44355309096142,1.0,0.5698100633122293,1.0,False
ITM4_NEXT2_K3M1.5,219154.50983385034,19959.68075204511,58882.60561399749,3.294293590762303,1.0,0.0003332222592469177,0.16794401866044653,False
ITM4_NEXT2_K3M2,361862.6945152853,67722.11947798505,102502.06745414138,5.5243940034887515,1.0,0.0003332222592469177,0.16794401866044653,False
ITM4_NEXT2_K3M2.5,496528.8618904927,106056.04513382756,173380.9049180155,16.697120382374944,1.0,0.0003332222592469177,0.16794401866044653,False
ITM4_NEXT2_K3M3,563591.1521120326,110732.02377770758,192107.77709274055,15.61617881068768,1.0,0.0003332222592469177,0.16794401866044653,False
ITM4_NEXT2_K3M4,603084.6025947226,114511.20191353258,261738.0189587775,14.905044108354149,1.0,0.0003332222592469177,0.16794401866044653,False
ITM4_NEXT3_K3M0.5,-101477.08412967478,-126980.23021450755,-75189.3446414935,-3.126194430632913,1.0,0.9576807730756415,1.0,False
ITM4_NEXT3_K3M1,114619.28067676284,22407.94813691495,18519.693504608993,1.1192262620814462,1.0,0.0003332222592469177,0.16794401866044653,False
ITM4_NEXT3_K3M1.5,273054.3875502879,65773.19179661755,67615.84709086489,4.465509679102128,1.0,0.0003332222592469177,0.16794401866044653,False
ITM4_NEXT3_K3M2,318248.4087424328,73531.71177343254,95018.55996800188,5.611448138142126,1.0,0.0003332222592469177,0.16794401866044653,False
ITM4_NEXT3_K3M2.5,338301.85612250026,73531.71177343254,116218.26561919089,6.298290304554973,1.0,0.0003332222592469177,0.16794401866044653,False
ITM4_NEXT3_K3M3,338301.85612250026,73531.71177343254,126684.1095077689,6.194270007459562,1.0,0.0003332222592469177,0.16794401866044653,False
ITM4_NEXT3_K3M4,338301.85612250026,73531.71177343254,131086.94873580287,6.030327634647116,1.0,0.0003332222592469177,0.16794401866044653,False
ITM4_MIRROR_GAP_K3M0.5,-114394.1586088398,-117411.84550318755,-48210.7633755486,-2.5545115942507026,1.0,0.9813395534821726,1.0,False
ITM4_MIRROR_GAP_K3M1,93369.31751396785,21364.702531119947,17465.137131680898,1.0936321099154256,1.0,0.003998667110963012,0.9276907697434188,False
ITM4_MIRROR_GAP_K3M1.5,203992.5053926103,54060.372421255,61367.06087221939,3.8380522663813763,1.0,0.0003332222592469177,0.16794401866044653,False
ITM4_MIRROR_GAP_K3M2,211410.31387919033,54060.372421255,75669.75112719588,4.401481148665124,1.0,0.0003332222592469177,0.16794401866044653,False
ITM4_MIRROR_GAP_K3M2.5,214832.44027057284,54060.372421255,86611.69747768689,4.467236200614972,1.0,0.0003332222592469177,0.16794401866044653,False
ITM4_MIRROR_GAP_K3M3,214832.44027057284,54060.372421255,90662.08250152139,4.54289384431209,1.0,0.0003332222592469177,0.16794401866044653,False
ITM4_MIRROR_GAP_K3M4,214832.44027057284,54060.372421255,90662.08250152139,4.54289384431209,1.0,0.0003332222592469177,0.16794401866044653,False
ITM5_NEXT1_K3M0.5,-586633.2583812749,-230613.96215701016,-176767.95764495974,-4.416057209238522,1.0,0.9996667777407531,1.0,False
ITM5_NEXT1_K3M1,-272385.71790240466,-195823.1934629577,-80761.94052827041,-2.5885293245700884,1.0,0.9870043318893702,1.0,False
ITM5_NEXT1_K3M1.5,3429.508692500156,-99031.61844861755,-54128.94114931141,-1.7244503909159419,1.0,0.3972009330223259,1.0,False
ITM5_NEXT1_K3M2,182374.5537084277,-52330.051649129935,516.7531641497008,0.01695900086346288,1.0,0.0003332222592469177,0.16794401866044653,False
ITM5_NEXT1_K3M2.5,260284.93769602035,-1973.1279805598715,25793.168616171184,0.8568029653483344,1.0,0.0003332222592469177,0.16794401866044653,False
ITM5_NEXT1_K3M3,384375.9444396853,33574.3300603601,104660.48023711558,4.628469979018534,1.0,0.0003332222592469177,0.16794401866044653,False
ITM5_NEXT1_K3M4,581695.6308074853,91323.35795462756,177523.50083430915,7.298382003007199,1.0,0.0003332222592469177,0.16794401866044653,False
ITM5_NEXT2_K3M0.5,-210813.22177593716,-194217.20050653268,-92639.84400104942,-3.0257571345355636,1.0,1.0,1.0,False
ITM5_NEXT2_K3M1,82359.55363182271,-82647.90284728254,-51060.89168391941,-1.7624466115635082,1.0,0.04465178273908697,1.0,False
ITM5_NEXT2_K3M1.5,213850.0442705728,9221.57482084755,67304.98948733608,3.3169655689644393,1.0,0.0003332222592469177,0.16794401866044653,False
ITM5_NEXT2_K3M2,399710.6092153702,84191.71022708506,131987.46117250208,6.305835649413564,1.0,0.0003332222592469177,0.16794401866044653,False
ITM5_NEXT2_K3M2.5,565371.9131995877,118750.20742152256,165960.56361786308,7.329075375300193,1.0,0.0003332222592469177,0.16794401866044653,False
ITM5_NEXT2_K3M3,666456.2929221801,122056.54045002256,187049.21453057558,8.107907740373959,1.0,0.0003332222592469177,0.16794401866044653,False
ITM5_NEXT2_K3M4,730581.413174585,128423.38936630756,295483.41099881753,15.747167650611749,1.0,0.0003332222592469177,0.16794401866044653,False
ITM5_NEXT3_K3M0.5,-107688.12335433731,-126849.02983179514,-94735.304321582,-3.349873338594901,1.0,0.9496834388537154,1.0,False
ITM5_NEXT3_K3M1,111999.11714588031,-15532.059510562456,12599.608382757075,0.6694746715645539,1.0,0.0006664445184938354,0.17994001999333556,False
ITM5_NEXT3_K3M1.5,313915.7816851603,80548.23051349257,88517.85723999361,4.960609226807246,1.0,0.0003332222592469177,0.16794401866044653,False
ITM5_NEXT3_K3M2,420482.3455825327,89766.56505774506,113752.8917865596,6.260163153074213,1.0,0.0003332222592469177,0.16794401866044653,False
ITM5_NEXT3_K3M2.5,454339.6105304602,89766.56505774506,143876.5924939781,7.003241647512864,1.0,0.0003332222592469177,0.16794401866044653,False
ITM5_NEXT3_K3M3,460008.58236805274,89766.56505774506,158998.23217272112,7.309477333442717,1.0,0.0003332222592469177,0.16794401866044653,False
ITM5_NEXT3_K3M4,460008.58236805274,89766.56505774506,166998.96189224912,7.008352428209894,1.0,0.0003332222592469177,0.16794401866044653,False
ITM5_MIRROR_GAP_K3M0.5,-137429.78298359227,-41738.856280960164,-63575.150037287596,-2.88141478326889,1.0,0.9890036654448517,1.0,False
ITM5_MIRROR_GAP_K3M1,32410.415120025347,35854.294547275,597.8436613178803,0.035687684976502744,1.0,0.19126957680773077,1.0,False
ITM5_MIRROR_GAP_K3M1.5,100156.97780950536,35854.294547275,30326.049244192378,1.7119108329019646,1.0,0.011329556814395202,1.0,False
ITM5_MIRROR_GAP_K3M2,100156.97780950536,35854.294547275,44853.002995385374,2.2260993288778987,1.0,0.011329556814395202,1.0,False
ITM5_MIRROR_GAP_K3M2.5,100156.97780950536,35854.294547275,44853.002995385374,2.2260993288778987,1.0,0.011329556814395202,1.0,False
ITM5_MIRROR_GAP_K3M3,100156.97780950536,35854.294547275,44853.002995385374,2.2260993288778987,1.0,0.011329556814395202,1.0,False
ITM5_MIRROR_GAP_K3M4,100156.97780950536,35854.294547275,44853.002995385374,2.2260993288778987,1.0,0.011329556814395202,1.0,False
ITM6_NEXT1_K3M0.5,-284201.1243210248,-279388.47374710767,,,1.0,0.9996667777407531,1.0,False
ITM6_NEXT1_K3M1,-206461.08199840985,-244731.8671628277,,,1.0,0.9946684438520493,1.0,False
ITM6_NEXT1_K3M1.5,-26375.482233569895,-176762.81865153753,-70730.664674828,-1.9097985222610816,1.0,0.5838053982005998,1.0,False
ITM6_NEXT1_K3M2,200080.48862582783,-132794.02802385748,-6222.248979606819,-0.18536987737926375,1.0,0.0003332222592469177,0.16794401866044653,False
ITM6_NEXT1_K3M2.5,281068.6724675653,15818.548471407588,33627.68819752417,0.9948250915843602,1.0,0.0003332222592469177,0.16794401866044653,False
ITM6_NEXT1_K3M3,424294.27315648535,37326.281806632556,170170.5376443747,18.672361452136958,1.0,0.0003332222592469177,0.16794401866044653,False
ITM6_NEXT1_K3M4,610018.0339085252,81217.34042804003,174829.6053379686,6.700173500217573,1.0,0.0003332222592469177,0.16794401866044653,False
ITM6_NEXT2_K3M0.5,-287824.5110455124,-241599.22909229517,-102387.782397768,-2.894308964384394,1.0,1.0,1.0,False
ITM6_NEXT2_K3M1,79737.90820413278,-107554.83950553507,-70526.07408354481,-2.1320611329971473,1.0,0.06564478507164279,1.0,False
ITM6_NEXT2_K3M1.5,271934.4840427828,-15714.874483667467,62015.063086196686,2.8549117497450505,1.0,0.0003332222592469177,0.16794401866044653,False
ITM6_NEXT2_K3M2,416493.4889751153,84168.80972239005,124865.0047247537,5.581484086439087,1.0,0.0003332222592469177,0.16794401866044653,False
ITM6_NEXT2_K3M2.5,598780.154373375,124895.12641165005,174576.0608361822,6.967590165629968,1.0,0.0003332222592469177,0.16794401866044653,False
ITM6_NEXT2_K3M3,758288.8097574374,197283.7166602601,218069.16398982416,8.162748564950219,1.0,0.0003332222592469177,0.16794401866044653,False
ITM6_NEXT2_K3M4,894789.2853809526,206581.0980438476,329567.75547508575,17.108375173392425,1.0,0.0003332222592469177,0.16794401866044653,False
ITM6_NEXT3_K3M0.5,-130736.83730584719,-179933.68266643013,-106494.52889618407,-3.177734753337183,1.0,0.9706764411862713,1.0,False
ITM6_NEXT3_K3M1,102631.16931705535,-43441.003055447465,17619.56134042457,0.8694305034369559,1.0,0.0036654448517160947,0.8577140953015662,False
ITM6_NEXT3_K3M1.5,377735.8781865002,93087.40255393504,96400.0622639361,4.807094705531464,1.0,0.0003332222592469177,0.16794401866044653,False
ITM6_NEXT3_K3M2,509971.77047715767,109883.06446703254,138604.21909437008,6.522428973008457,1.0,0.0003332222592469177,0.16794401866044653,False
ITM6_NEXT3_K3M2.5,548787.8103771452,116456.45634783006,185361.13971394312,7.968133568436118,1.0,0.0003332222592469177,0.16794401866044653,False
ITM6_NEXT3_K3M3,565720.4303356427,116456.45634783006,256035.21117129613,14.62451785008771,1.0,0.0003332222592469177,0.16794401866044653,False
ITM6_NEXT3_K3M4,565720.4303356427,116456.45634783006,264321.6922717001,13.406395458755018,1.0,0.0003332222592469177,0.16794401866044653,False
ITM6_MIRROR_GAP_K3M0.5,-242027.7310299848,-40076.792690530056,-82014.87199027411,-3.2039218210353018,1.0,1.0,1.0,False
ITM6_MIRROR_GAP_K3M1,-68678.82091195717,22878.332668349987,-33885.08267391112,-1.7567599427842888,1.0,0.8900366544485172,1.0,False
ITM6_MIRROR_GAP_K3M1.5,-55958.535155559686,22878.332668349987,-7663.432772074122,-0.35399622510858714,1.0,0.8237254248583805,1.0,False
ITM6_MIRROR_GAP_K3M2,-55958.535155559686,22878.332668349987,-7663.432772074122,-0.35399622510858714,1.0,0.8237254248583805,1.0,False
ITM6_MIRROR_GAP_K3M2.5,-55958.535155559686,22878.332668349987,-7663.432772074122,-0.35399622510858714,1.0,0.8237254248583805,1.0,False
ITM6_MIRROR_GAP_K3M3,-55958.535155559686,22878.332668349987,-7663.432772074122,-0.35399622510858714,1.0,0.8237254248583805,1.0,False
ITM6_MIRROR_GAP_K3M4,-55958.535155559686,22878.332668349987,-7663.432772074122,-0.35399622510858714,1.0,0.8237254248583805,1.0,False
ITM7_NEXT1_K3M0.5,,-330658.1929538277,-195779.1898924093,-4.270748264169316,1.0,1.0,1.0,False
ITM7_NEXT1_K3M1,,-251022.04396303766,-64476.59686637451,-2.0525584330930617,1.0,0.9970009996667777,1.0,False
ITM7_NEXT1_K3M1.5,,-218041.90864321252,4277.783894945003,0.16143680212593872,1.0,0.7977340886371209,1.0,False
ITM7_NEXT1_K3M2,174049.44221047778,-71364.37683493746,31668.459705937108,1.1960622234214127,1.0,0.000999666777740753,0.26491169610129955,False
ITM7_NEXT1_K3M2.5,340783.1156959128,3719.8732622000934,88078.1996549587,3.4026165722567616,1.0,0.0003332222592469177,0.16794401866044653,False
ITM7_NEXT1_K3M3,452597.3800994253,38907.46921937006,158275.43135960813,16.221956705981803,1.0,0.0003332222592469177,0.16794401866044653,False
ITM7_NEXT1_K3M4,622894.3219148178,137391.26089563506,212993.93636439962,16.538382338850496,1.0,0.0003332222592469177,0.16794401866044653,False
ITM7_NEXT2_K3M0.5,-313403.67232969723,-292300.86387101514,,,1.0,0.9996667777407531,1.0,False
ITM7_NEXT2_K3M1,71718.71440196778,,-18019.685514947898,-0.5770627170730426,1.0,0.12562479173608798,1.0,False
ITM7_NEXT2_K3M1.5,265822.9690516203,-2086.984373769964,113677.34064472362,14.211055057958914,1.0,0.0003332222592469177,0.16794401866044653,False
ITM7_NEXT2_K3M2,427514.33670827013,78205.22458875255,162570.5502086751,16.652757119257892,1.0,0.0003332222592469177,0.16794401866044653,False
ITM7_NEXT2_K3M2.5,624236.6938426576,150941.13013394008,209521.48029998367,13.775257584165457,1.0,0.0003332222592469177,0.16794401866044653,False
ITM7_NEXT2_K3M3,824066.157865695,237795.75364742748,277863.1627225486,14.771697060402559,1.0,0.0003332222592469177,0.16794401866044653,False
ITM7_NEXT2_K3M4,995080.5933380876,263244.5830267325,356073.7332192906,17.781722060344244,1.0,0.0003332222592469177,0.16794401866044653,False
ITM7_NEXT3_K3M0.5,-169884.44227912228,-224450.5198477,-129086.32631531106,-3.305820325435316,1.0,0.9696767744085305,1.0,False
ITM7_NEXT3_K3M1,104279.85723296784,-66944.84483889997,13945.51761665209,0.5898670559568608,1.0,0.015328223925358214,1.0,False
ITM7_NEXT3_K3M1.5,363570.5028457701,99620.96237233504,101655.26660118271,4.431333267481115,1.0,0.0003332222592469177,0.16794401866044653,False
ITM7_NEXT3_K3M2,581100.4418823702,151116.80891457255,190400.78995245422,15.80871157857982,1.0,0.0003332222592469177,0.16794401866044653,False
ITM7_NEXT3_K3M2.5,656557.4986800351,161107.59974655253,251066.49498877517,17.716234853294353,1.0,0.0003332222592469177,0.16794401866044653,False
ITM7_NEXT3_K3M3,682668.4986695753,161107.59974655253,292276.1322479552,16.007598390549237,1.0,0.0003332222592469177,0.16794401866044653,False
ITM7_NEXT3_K3M4,687837.5702655427,161107.59974655253,310008.44447863376,14.655983331760414,1.0,0.0003332222592469177,0.16794401866044653,False
ITM7_MIRROR_GAP_K3M0.5,-328652.1571242023,-57039.50373644513,-121818.98193105511,-4.163682966989754,1.0,1.0,1.0,False
ITM7_MIRROR_GAP_K3M1,-199368.91819076976,-46622.048702027576,-54037.27845178858,-2.701950368983561,1.0,0.9986671109630123,1.0,False
ITM7_MIRROR_GAP_K3M1.5,-199368.91819076976,-46622.048702027576,-44710.11837491259,-2.1217063752927654,1.0,0.9986671109630123,1.0,False
ITM7_MIRROR_GAP_K3M2,-199368.91819076976,-46622.048702027576,-44710.11837491259,-2.1217063752927654,1.0,0.9986671109630123,1.0,False
ITM7_MIRROR_GAP_K3M2.5,-199368.91819076976,-46622.048702027576,-44710.11837491259,-2.1217063752927654,1.0,0.9986671109630123,1.0,False
ITM7_MIRROR_GAP_K3M3,-199368.91819076976,-46622.048702027576,-44710.11837491259,-2.1217063752927654,1.0,0.9986671109630123,1.0,False
ITM7_MIRROR_GAP_K3M4,-199368.91819076976,-46622.048702027576,-44710.11837491259,-2.1217063752927654,1.0,0.9986671109630123,1.0,False
ITM8_NEXT1_K3M0.5,,,,,1.0,1.0,1.0,False
ITM8_NEXT1_K3M1,-303451.56933175214,,,,1.0,0.9993335554815062,1.0,False
ITM8_NEXT1_K3M1.5,,,,,1.0,0.8943685438187271,1.0,False
ITM8_NEXT1_K3M2,,-119107.48675517243,,,1.0,0.0016661112962345886,0.4265244918360547,False
ITM8_NEXT1_K3M2.5,251841.61204521044,30867.614111390052,,,1.0,0.0003332222592469177,0.16794401866044653,False
ITM8_NEXT1_K3M3,,,116944.9208559861,3.9707340586647653,1.0,0.0003332222592469177,0.16794401866044653,False
ITM8_NEXT1_K3M4,,,172164.206926173,5.472880802011669,1.0,0.0003332222592469177,0.16794401866044653,False
ITM8_NEXT2_K3M0.5,,-318234.48772652517,-164305.2247374124,-3.559233753068958,1.0,1.0,1.0,False
ITM8_NEXT2_K3M1,7311.556400315449,-118235.64980498492,-67846.0305751364,-1.6209796416679112,1.0,0.4481839386871043,1.0,False
ITM8_NEXT2_K3M1.5,152925.31525721037,36880.15699580507,70426.67934753261,2.601277786823102,1.0,0.017994001999333556,1.0,False
ITM8_NEXT2_K3M2,419416.2988690303,162280.63947859255,117023.95818348858,4.247341642125948,1.0,0.0003332222592469177,0.16794401866044653,False
ITM8_NEXT2_K3M2.5,670698.4937402328,200315.72046726255,170747.43439365813,5.563256175696661,1.0,0.0003332222592469177,0.16794401866044653,False
ITM8_NEXT2_K3M3,861045.2517300028,267669.95882702,304853.1838153171,18.608475375678623,1.0,0.0003332222592469177,0.16794401866044653,False
ITM8_NEXT2_K3M4,1208370.8328167952,332678.36272495496,381874.50627959403,17.901803522958485,1.0,0.0003332222592469177,0.16794401866044653,False
ITM8_NEXT3_K3M0.5,-168478.38891348726,-263380.83782051504,,,1.0,0.9613462179273575,1.0,False
ITM8_NEXT3_K3M1,78168.67644106544,-46860.91751071244,58661.26537418949,5.614771528774076,1.0,0.0716427857380873,1.0,False
ITM8_NEXT3_K3M1.5,393269.82985213783,142006.40186173253,139580.70662137412,16.3598276095442,1.0,0.0003332222592469177,0.16794401866044653,False
ITM8_NEXT3_K3M2,658001.4997701903,176738.7249435775,230572.6504261736,15.595923018363132,1.0,0.0003332222592469177,0.16794401866044653,False
ITM8_NEXT3_K3M2.5,844695.2122748927,174185.43846864998,283547.1846529306,18.884905926777694,1.0,0.0003332222592469177,0.16794401866044653,False
ITM8_NEXT3_K3M3,878173.0920698702,205287.96751406754,340415.9283217391,17.18955672898424,1.0,0.0003332222592469177,0.16794401866044653,False
ITM8_NEXT3_K3M4,884598.8262162077,205287.96751406754,357469.1525303051,16.401947297432613,1.0,0.0003332222592469177,0.16794401866044653,False
ITM8_MIRROR_GAP_K3M0.5,-468809.0799296098,-106170.62821149763,-155127.67291828452,-5.335472885343893,1.0,1.0,1.0,False
ITM8_MIRROR_GAP_K3M1,-412004.15565368225,-75412.61895541013,-101477.83878390903,-3.6633653129989288,1.0,1.0,1.0,False
ITM8_MIRROR_GAP_K3M1.5,-412004.15565368225,-75412.61895541013,-96043.09949508602,-3.4027662674831602,1.0,1.0,1.0,False
ITM8_MIRROR_GAP_K3M2,-412004.15565368225,-75412.61895541013,-96043.09949508602,-3.4027662674831602,1.0,1.0,1.0,False
ITM8_MIRROR_GAP_K3M2.5,-412004.15565368225,-75412.61895541013,-96043.09949508602,-3.4027662674831602,1.0,1.0,1.0,False
ITM8_MIRROR_GAP_K3M3,-412004.15565368225,-75412.61895541013,-96043.09949508602,-3.4027662674831602,1.0,1.0,1.0,False
ITM8_MIRROR_GAP_K3M4,-412004.15565368225,-75412.61895541013,-96043.09949508602,-3.4027662674831602,1.0,1.0,1.0,False
