expiry,entry_lock_rows,strikes
2024-01-04,39,2
2024-02-01,42,2
2024-02-08,42,2
2024-03-07,41,1
2024-03-14,42,2
2024-04-04,41,2
2024-04-10,42,2
2024-05-02,41,2
2024-05-09,42,2
2024-06-06,41,2
2024-06-13,42,1
2024-07-04,41,2
2024-07-11,42,2
2024-08-01,42,2
2024-08-08,42,2
2024-09-05,41,2
2024-09-12,42,2
2024-10-10,42,2
2024-11-07,42,2
2024-11-14,42,2
2024-12-05,42,2
2024-12-12,42,2
2025-01-02,42,2
2025-01-09,40,2
2025-01-16,42,2
2025-01-23,40,2
2025-02-06,41,2
2025-02-13,42,2
2025-02-20,42,2
2025-03-06,42,2
2025-03-13,40,2
2025-04-03,39,1
2025-04-09,41,1
2025-05-08,40,2
2025-05-15,42,2
2025-06-05,41,1
2025-06-12,42,2
2025-07-03,42,2
2025-07-10,40,2
