target_expiry,variants,usable_variants
2024-03-14,224,168
2024-05-09,224,168
2024-07-11,224,168
2025-02-20,224,168
2026-02-10,224,0
2026-03-10,224,0
2026-04-13,224,0
2024-06-13,224,168
2024-11-14,224,168
2025-11-11,224,168
2026-05-12,224,0
2025-05-15,224,126
2025-08-14,224,168
2024-04-10,224,168
2024-08-08,224,168
2024-09-12,224,168
2025-03-13,224,168
2025-04-09,224,168
2026-01-13,224,0
2025-06-12,224,168
2025-09-09,224,168
2024-02-08,224,161
2024-10-10,224,168
2024-12-12,224,159
2025-12-09,224,168
2025-07-10,224,168
2025-10-14,224,168
