file,expiry,entry_lock_rows,strikes,entry_lock_timestamps
ATM-10,2024-02-01,2,2,2024-02-01T10:00:00|2024-02-01T14:00:00
ATM-10,2024-02-08,2,2,2024-02-08T10:00:00|2024-02-08T14:00:00
ATM-10,2024-03-07,2,1,2024-03-07T10:00:00|2024-03-07T14:00:00
ATM-10,2024-03-14,2,2,2024-03-14T10:00:00|2024-03-14T14:00:00
ATM-10,2024-04-04,2,2,2024-04-04T10:00:00|2024-04-04T14:00:00
ATM-10,2024-04-10,2,2,2024-04-10T10:00:00|2024-04-10T14:00:00
ATM-10,2024-05-02,1,1,2024-05-02T14:00:00
ATM-10,2024-05-09,2,2,2024-05-09T10:00:00|2024-05-09T14:00:00
ATM-10,2024-06-06,2,2,2024-06-06T10:00:00|2024-06-06T14:00:00
ATM-10,2024-06-13,2,1,2024-06-13T10:00:00|2024-06-13T14:00:00
ATM-10,2024-07-04,1,1,2024-07-04T10:00:00
ATM-10,2024-07-11,2,2,2024-07-11T10:00:00|2024-07-11T14:00:00
ATM-10,2024-08-01,2,2,2024-08-01T10:00:00|2024-08-01T14:00:00
ATM-10,2024-08-08,2,2,2024-08-08T10:00:00|2024-08-08T14:00:00
ATM-10,2024-09-05,1,1,2024-09-05T10:00:00
ATM-10,2024-09-12,2,2,2024-09-12T10:00:00|2024-09-12T14:00:00
ATM-10,2024-10-10,2,2,2024-10-10T10:00:00|2024-10-10T14:00:00
ATM-10,2024-11-07,2,2,2024-11-07T10:00:00|2024-11-07T14:00:00
ATM-10,2024-11-14,2,2,2024-11-14T10:00:00|2024-11-14T14:00:00
ATM-10,2024-12-05,2,2,2024-12-05T10:00:00|2024-12-05T14:00:00
ATM-10,2024-12-12,2,2,2024-12-12T10:00:00|2024-12-12T14:00:00
ATM-10,2025-01-02,2,2,2025-01-02T10:00:00|2025-01-02T14:00:00
ATM-10,2025-01-09,1,1,2025-01-09T14:00:00
ATM-10,2025-01-16,2,2,2025-01-16T10:00:00|2025-01-16T14:00:00
ATM-10,2025-01-23,1,1,2025-01-23T10:00:00
ATM-10,2025-02-06,2,2,2025-02-06T10:00:00|2025-02-06T14:00:00
ATM-10,2025-02-13,2,2,2025-02-13T10:00:00|2025-02-13T14:00:00
ATM-10,2025-02-20,2,2,2025-02-20T10:00:00|2025-02-20T14:00:00
ATM-10,2025-03-06,2,2,2025-03-06T10:00:00|2025-03-06T14:00:00
ATM-10,2025-03-13,1,1,2025-03-13T10:00:00
ATM-10,2025-04-09,1,1,2025-04-09T10:00:00
ATM-10,2025-05-08,1,1,2025-05-08T10:00:00
ATM-10,2025-05-15,2,2,2025-05-15T10:00:00|2025-05-15T14:00:00
ATM-10,2025-06-05,1,1,2025-06-05T14:00:00
ATM-10,2025-06-12,2,2,2025-06-12T10:00:00|2025-06-12T14:00:00
ATM-10,2025-07-03,2,2,2025-07-03T10:00:00|2025-07-03T14:00:00
ATM-10,2025-07-10,1,1,2025-07-10T10:00:00
ATM-9,2024-01-04,2,2,2024-01-04T10:00:00|2024-01-04T14:00:00
ATM-9,2024-02-01,2,2,2024-02-01T10:00:00|2024-02-01T14:00:00
ATM-9,2024-02-08,2,2,2024-02-08T10:00:00|2024-02-08T14:00:00
ATM-9,2024-03-07,1,1,2024-03-07T10:00:00
ATM-9,2024-03-14,2,2,2024-03-14T10:00:00|2024-03-14T14:00:00
ATM-9,2024-04-04,1,1,2024-04-04T10:00:00
ATM-9,2024-04-10,2,2,2024-04-10T10:00:00|2024-04-10T14:00:00
ATM-9,2024-05-02,2,2,2024-05-02T10:00:00|2024-05-02T14:00:00
ATM-9,2024-05-09,2,2,2024-05-09T10:00:00|2024-05-09T14:00:00
ATM-9,2024-06-06,2,2,2024-06-06T10:00:00|2024-06-06T14:00:00
ATM-9,2024-06-13,2,1,2024-06-13T10:00:00|2024-06-13T14:00:00
ATM-9,2024-07-04,2,2,2024-07-04T10:00:00|2024-07-04T14:00:00
ATM-9,2024-07-11,2,2,2024-07-11T10:00:00|2024-07-11T14:00:00
ATM-9,2024-08-01,2,2,2024-08-01T10:00:00|2024-08-01T14:00:00
ATM-9,2024-08-08,2,2,2024-08-08T10:00:00|2024-08-08T14:00:00
ATM-9,2024-09-05,2,2,2024-09-05T10:00:00|2024-09-05T14:00:00
ATM-9,2024-09-12,2,2,2024-09-12T10:00:00|2024-09-12T14:00:00
ATM-9,2024-10-10,2,2,2024-10-10T10:00:00|2024-10-10T14:00:00
ATM-9,2024-11-07,2,2,2024-11-07T10:00:00|2024-11-07T14:00:00
ATM-9,2024-11-14,2,2,2024-11-14T10:00:00|2024-11-14T14:00:00
ATM-9,2024-12-05,2,2,2024-12-05T10:00:00|2024-12-05T14:00:00
ATM-9,2024-12-12,2,2,2024-12-12T10:00:00|2024-12-12T14:00:00
ATM-9,2025-01-02,2,2,2025-01-02T10:00:00|2025-01-02T14:00:00
ATM-9,2025-01-09,2,2,2025-01-09T10:00:00|2025-01-09T14:00:00
ATM-9,2025-01-16,2,2,2025-01-16T10:00:00|2025-01-16T14:00:00
ATM-9,2025-01-23,2,2,2025-01-23T10:00:00|2025-01-23T14:00:00
ATM-9,2025-02-06,1,1,2025-02-06T10:00:00
ATM-9,2025-02-13,2,2,2025-02-13T10:00:00|2025-02-13T14:00:00
ATM-9,2025-02-20,2,2,2025-02-20T10:00:00|2025-02-20T14:00:00
ATM-9,2025-03-06,2,2,2025-03-06T10:00:00|2025-03-06T14:00:00
ATM-9,2025-03-13,2,2,2025-03-13T10:00:00|2025-03-13T14:00:00
ATM-9,2025-04-03,2,1,2025-04-03T10:00:00|2025-04-03T14:00:00
ATM-9,2025-04-09,2,1,2025-04-09T10:00:00|2025-04-09T14:00:00
ATM-9,2025-05-08,1,1,2025-05-08T14:00:00
ATM-9,2025-05-15,2,2,2025-05-15T10:00:00|2025-05-15T14:00:00
ATM-9,2025-06-05,2,1,2025-06-05T10:00:00|2025-06-05T14:00:00
ATM-9,2025-06-12,2,2,2025-06-12T10:00:00|2025-06-12T14:00:00
ATM-9,2025-07-03,2,2,2025-07-03T10:00:00|2025-07-03T14:00:00
ATM-9,2025-07-10,1,1,2025-07-10T10:00:00
ATM-8,2024-01-04,1,1,2024-01-04T10:00:00
ATM-8,2024-02-01,2,2,2024-02-01T10:00:00|2024-02-01T14:00:00
ATM-8,2024-02-08,2,2,2024-02-08T10:00:00|2024-02-08T14:00:00
ATM-8,2024-03-07,2,1,2024-03-07T10:00:00|2024-03-07T14:00:00
ATM-8,2024-03-14,2,2,2024-03-14T10:00:00|2024-03-14T14:00:00
ATM-8,2024-04-04,2,2,2024-04-04T10:00:00|2024-04-04T14:00:00
ATM-8,2024-04-10,2,2,2024-04-10T10:00:00|2024-04-10T14:00:00
ATM-8,2024-05-02,2,2,2024-05-02T10:00:00|2024-05-02T14:00:00
ATM-8,2024-05-09,2,2,2024-05-09T10:00:00|2024-05-09T14:00:00
ATM-8,2024-06-06,2,2,2024-06-06T10:00:00|2024-06-06T14:00:00
ATM-8,2024-06-13,2,1,2024-06-13T10:00:00|2024-06-13T14:00:00
ATM-8,2024-07-04,2,2,2024-07-04T10:00:00|2024-07-04T14:00:00
ATM-8,2024-07-11,2,2,2024-07-11T10:00:00|2024-07-11T14:00:00
ATM-8,2024-08-01,2,2,2024-08-01T10:00:00|2024-08-01T14:00:00
ATM-8,2024-08-08,2,2,2024-08-08T10:00:00|2024-08-08T14:00:00
ATM-8,2024-09-05,2,2,2024-09-05T10:00:00|2024-09-05T14:00:00
ATM-8,2024-09-12,2,2,2024-09-12T10:00:00|2024-09-12T14:00:00
ATM-8,2024-10-10,2,2,2024-10-10T10:00:00|2024-10-10T14:00:00
ATM-8,2024-11-07,2,2,2024-11-07T10:00:00|2024-11-07T14:00:00
ATM-8,2024-11-14,2,2,2024-11-14T10:00:00|2024-11-14T14:00:00
ATM-8,2024-12-05,2,2,2024-12-05T10:00:00|2024-12-05T14:00:00
ATM-8,2024-12-12,2,2,2024-12-12T10:00:00|2024-12-12T14:00:00
ATM-8,2025-01-02,2,2,2025-01-02T10:00:00|2025-01-02T14:00:00
ATM-8,2025-01-09,2,2,2025-01-09T10:00:00|2025-01-09T14:00:00
ATM-8,2025-01-16,2,2,2025-01-16T10:00:00|2025-01-16T14:00:00
ATM-8,2025-01-23,1,1,2025-01-23T10:00:00
ATM-8,2025-02-06,2,2,2025-02-06T10:00:00|2025-02-06T14:00:00
ATM-8,2025-02-13,2,2,2025-02-13T10:00:00|2025-02-13T14:00:00
ATM-8,2025-02-20,2,2,2025-02-20T10:00:00|2025-02-20T14:00:00
ATM-8,2025-03-06,2,2,2025-03-06T10:00:00|2025-03-06T14:00:00
ATM-8,2025-03-13,1,1,2025-03-13T10:00:00
ATM-8,2025-04-03,1,1,2025-04-03T10:00:00
ATM-8,2025-04-09,2,1,2025-04-09T10:00:00|2025-04-09T14:00:00
ATM-8,2025-05-08,2,2,2025-05-08T10:00:00|2025-05-08T14:00:00
ATM-8,2025-05-15,2,2,2025-05-15T10:00:00|2025-05-15T14:00:00
ATM-8,2025-06-05,2,1,2025-06-05T10:00:00|2025-06-05T14:00:00
ATM-8,2025-06-12,2,2,2025-06-12T10:00:00|2025-06-12T14:00:00
ATM-8,2025-07-03,2,2,2025-07-03T10:00:00|2025-07-03T14:00:00
ATM-8,2025-07-10,2,2,2025-07-10T10:00:00|2025-07-10T14:00:00
ATM-7,2024-01-04,2,2,2024-01-04T10:00:00|2024-01-04T14:00:00
ATM-7,2024-02-01,2,2,2024-02-01T10:00:00|2024-02-01T14:00:00
ATM-7,2024-02-08,2,2,2024-02-08T10:00:00|2024-02-08T14:00:00
ATM-7,2024-03-07,2,1,2024-03-07T10:00:00|2024-03-07T14:00:00
ATM-7,2024-03-14,2,2,2024-03-14T10:00:00|2024-03-14T14:00:00
ATM-7,2024-04-04,2,2,2024-04-04T10:00:00|2024-04-04T14:00:00
ATM-7,2024-04-10,2,2,2024-04-10T10:00:00|2024-04-10T14:00:00
ATM-7,2024-05-02,2,2,2024-05-02T10:00:00|2024-05-02T14:00:00
ATM-7,2024-05-09,2,2,2024-05-09T10:00:00|2024-05-09T14:00:00
ATM-7,2024-06-06,2,2,2024-06-06T10:00:00|2024-06-06T14:00:00
ATM-7,2024-06-13,2,1,2024-06-13T10:00:00|2024-06-13T14:00:00
ATM-7,2024-07-04,2,2,2024-07-04T10:00:00|2024-07-04T14:00:00
ATM-7,2024-07-11,2,2,2024-07-11T10:00:00|2024-07-11T14:00:00
ATM-7,2024-08-01,2,2,2024-08-01T10:00:00|2024-08-01T14:00:00
ATM-7,2024-08-08,2,2,2024-08-08T10:00:00|2024-08-08T14:00:00
ATM-7,2024-09-05,2,2,2024-09-05T10:00:00|2024-09-05T14:00:00
ATM-7,2024-09-12,2,2,2024-09-12T10:00:00|2024-09-12T14:00:00
ATM-7,2024-10-10,2,2,2024-10-10T10:00:00|2024-10-10T14:00:00
ATM-7,2024-11-07,2,2,2024-11-07T10:00:00|2024-11-07T14:00:00
ATM-7,2024-11-14,2,2,2024-11-14T10:00:00|2024-11-14T14:00:00
ATM-7,2024-12-05,2,2,2024-12-05T10:00:00|2024-12-05T14:00:00
ATM-7,2024-12-12,2,2,2024-12-12T10:00:00|2024-12-12T14:00:00
ATM-7,2025-01-02,2,2,2025-01-02T10:00:00|2025-01-02T14:00:00
ATM-7,2025-01-09,1,1,2025-01-09T10:00:00
ATM-7,2025-01-16,2,2,2025-01-16T10:00:00|2025-01-16T14:00:00
ATM-7,2025-01-23,2,2,2025-01-23T10:00:00|2025-01-23T14:00:00
ATM-7,2025-02-06,2,2,2025-02-06T10:00:00|2025-02-06T14:00:00
ATM-7,2025-02-13,2,2,2025-02-13T10:00:00|2025-02-13T14:00:00
ATM-7,2025-02-20,2,2,2025-02-20T10:00:00|2025-02-20T14:00:00
ATM-7,2025-03-06,2,2,2025-03-06T10:00:00|2025-03-06T14:00:00
ATM-7,2025-03-13,2,2,2025-03-13T10:00:00|2025-03-13T14:00:00
ATM-7,2025-04-03,2,1,2025-04-03T10:00:00|2025-04-03T14:00:00
ATM-7,2025-04-09,2,1,2025-04-09T10:00:00|2025-04-09T14:00:00
ATM-7,2025-05-08,2,2,2025-05-08T10:00:00|2025-05-08T14:00:00
ATM-7,2025-05-15,2,2,2025-05-15T10:00:00|2025-05-15T14:00:00
ATM-7,2025-06-05,2,1,2025-06-05T10:00:00|2025-06-05T14:00:00
ATM-7,2025-06-12,2,2,2025-06-12T10:00:00|2025-06-12T14:00:00
ATM-7,2025-07-03,2,2,2025-07-03T10:00:00|2025-07-03T14:00:00
ATM-7,2025-07-10,2,2,2025-07-10T10:00:00|2025-07-10T14:00:00
ATM-6,2024-01-04,2,2,2024-01-04T10:00:00|2024-01-04T14:00:00
ATM-6,2024-02-01,2,2,2024-02-01T10:00:00|2024-02-01T14:00:00
ATM-6,2024-02-08,2,2,2024-02-08T10:00:00|2024-02-08T14:00:00
ATM-6,2024-03-07,2,1,2024-03-07T10:00:00|2024-03-07T14:00:00
ATM-6,2024-03-14,2,2,2024-03-14T10:00:00|2024-03-14T14:00:00
ATM-6,2024-04-04,2,2,2024-04-04T10:00:00|2024-04-04T14:00:00
ATM-6,2024-04-10,2,2,2024-04-10T10:00:00|2024-04-10T14:00:00
ATM-6,2024-05-02,2,2,2024-05-02T10:00:00|2024-05-02T14:00:00
ATM-6,2024-05-09,2,2,2024-05-09T10:00:00|2024-05-09T14:00:00
ATM-6,2024-06-06,2,2,2024-06-06T10:00:00|2024-06-06T14:00:00
ATM-6,2024-06-13,2,1,2024-06-13T10:00:00|2024-06-13T14:00:00
ATM-6,2024-07-04,2,2,2024-07-04T10:00:00|2024-07-04T14:00:00
ATM-6,2024-07-11,2,2,2024-07-11T10:00:00|2024-07-11T14:00:00
ATM-6,2024-08-01,2,2,2024-08-01T10:00:00|2024-08-01T14:00:00
ATM-6,2024-08-08,2,2,2024-08-08T10:00:00|2024-08-08T14:00:00
ATM-6,2024-09-05,2,2,2024-09-05T10:00:00|2024-09-05T14:00:00
ATM-6,2024-09-12,2,2,2024-09-12T10:00:00|2024-09-12T14:00:00
ATM-6,2024-10-10,2,2,2024-10-10T10:00:00|2024-10-10T14:00:00
ATM-6,2024-11-07,2,2,2024-11-07T10:00:00|2024-11-07T14:00:00
ATM-6,2024-11-14,2,2,2024-11-14T10:00:00|2024-11-14T14:00:00
ATM-6,2024-12-05,2,2,2024-12-05T10:00:00|2024-12-05T14:00:00
ATM-6,2024-12-12,2,2,2024-12-12T10:00:00|2024-12-12T14:00:00
ATM-6,2025-01-02,2,2,2025-01-02T10:00:00|2025-01-02T14:00:00
ATM-6,2025-01-09,2,2,2025-01-09T10:00:00|2025-01-09T14:00:00
ATM-6,2025-01-16,2,2,2025-01-16T10:00:00|2025-01-16T14:00:00
ATM-6,2025-01-23,2,2,2025-01-23T10:00:00|2025-01-23T14:00:00
ATM-6,2025-02-06,2,2,2025-02-06T10:00:00|2025-02-06T14:00:00
ATM-6,2025-02-13,2,2,2025-02-13T10:00:00|2025-02-13T14:00:00
ATM-6,2025-02-20,2,2,2025-02-20T10:00:00|2025-02-20T14:00:00
ATM-6,2025-03-06,2,2,2025-03-06T10:00:00|2025-03-06T14:00:00
ATM-6,2025-03-13,2,2,2025-03-13T10:00:00|2025-03-13T14:00:00
ATM-6,2025-04-03,2,1,2025-04-03T10:00:00|2025-04-03T14:00:00
ATM-6,2025-04-09,2,1,2025-04-09T10:00:00|2025-04-09T14:00:00
ATM-6,2025-05-08,2,2,2025-05-08T10:00:00|2025-05-08T14:00:00
ATM-6,2025-05-15,2,2,2025-05-15T10:00:00|2025-05-15T14:00:00
ATM-6,2025-06-05,2,1,2025-06-05T10:00:00|2025-06-05T14:00:00
ATM-6,2025-06-12,2,2,2025-06-12T10:00:00|2025-06-12T14:00:00
ATM-6,2025-07-03,2,2,2025-07-03T10:00:00|2025-07-03T14:00:00
ATM-6,2025-07-10,2,2,2025-07-10T10:00:00|2025-07-10T14:00:00
ATM-5,2024-01-04,2,2,2024-01-04T10:00:00|2024-01-04T14:00:00
ATM-5,2024-02-01,2,2,2024-02-01T10:00:00|2024-02-01T14:00:00
ATM-5,2024-02-08,2,2,2024-02-08T10:00:00|2024-02-08T14:00:00
ATM-5,2024-03-07,2,1,2024-03-07T10:00:00|2024-03-07T14:00:00
ATM-5,2024-03-14,2,2,2024-03-14T10:00:00|2024-03-14T14:00:00
ATM-5,2024-04-04,2,2,2024-04-04T10:00:00|2024-04-04T14:00:00
ATM-5,2024-04-10,2,2,2024-04-10T10:00:00|2024-04-10T14:00:00
ATM-5,2024-05-02,2,2,2024-05-02T10:00:00|2024-05-02T14:00:00
ATM-5,2024-05-09,2,2,2024-05-09T10:00:00|2024-05-09T14:00:00
ATM-5,2024-06-06,2,2,2024-06-06T10:00:00|2024-06-06T14:00:00
ATM-5,2024-06-13,2,1,2024-06-13T10:00:00|2024-06-13T14:00:00
ATM-5,2024-07-04,2,2,2024-07-04T10:00:00|2024-07-04T14:00:00
ATM-5,2024-07-11,2,2,2024-07-11T10:00:00|2024-07-11T14:00:00
ATM-5,2024-08-01,2,2,2024-08-01T10:00:00|2024-08-01T14:00:00
ATM-5,2024-08-08,2,2,2024-08-08T10:00:00|2024-08-08T14:00:00
ATM-5,2024-09-05,2,2,2024-09-05T10:00:00|2024-09-05T14:00:00
ATM-5,2024-09-12,2,2,2024-09-12T10:00:00|2024-09-12T14:00:00
ATM-5,2024-10-10,2,2,2024-10-10T10:00:00|2024-10-10T14:00:00
ATM-5,2024-11-07,2,2,2024-11-07T10:00:00|2024-11-07T14:00:00
ATM-5,2024-11-14,2,2,2024-11-14T10:00:00|2024-11-14T14:00:00
ATM-5,2024-12-05,2,2,2024-12-05T10:00:00|2024-12-05T14:00:00
ATM-5,2024-12-12,2,2,2024-12-12T10:00:00|2024-12-12T14:00:00
ATM-5,2025-01-02,2,2,2025-01-02T10:00:00|2025-01-02T14:00:00
ATM-5,2025-01-09,2,2,2025-01-09T10:00:00|2025-01-09T14:00:00
ATM-5,2025-01-16,2,2,2025-01-16T10:00:00|2025-01-16T14:00:00
ATM-5,2025-01-23,2,2,2025-01-23T10:00:00|2025-01-23T14:00:00
ATM-5,2025-02-06,2,2,2025-02-06T10:00:00|2025-02-06T14:00:00
ATM-5,2025-02-13,2,2,2025-02-13T10:00:00|2025-02-13T14:00:00
ATM-5,2025-02-20,2,2,2025-02-20T10:00:00|2025-02-20T14:00:00
ATM-5,2025-03-06,2,2,2025-03-06T10:00:00|2025-03-06T14:00:00
ATM-5,2025-03-13,2,2,2025-03-13T10:00:00|2025-03-13T14:00:00
ATM-5,2025-04-03,2,1,2025-04-03T10:00:00|2025-04-03T14:00:00
ATM-5,2025-04-09,2,1,2025-04-09T10:00:00|2025-04-09T14:00:00
ATM-5,2025-05-08,2,2,2025-05-08T10:00:00|2025-05-08T14:00:00
ATM-5,2025-05-15,2,2,2025-05-15T10:00:00|2025-05-15T14:00:00
ATM-5,2025-06-05,2,1,2025-06-05T10:00:00|2025-06-05T14:00:00
ATM-5,2025-06-12,2,2,2025-06-12T10:00:00|2025-06-12T14:00:00
ATM-5,2025-07-03,2,2,2025-07-03T10:00:00|2025-07-03T14:00:00
ATM-5,2025-07-10,2,2,2025-07-10T10:00:00|2025-07-10T14:00:00
ATM-4,2024-01-04,2,2,2024-01-04T10:00:00|2024-01-04T14:00:00
ATM-4,2024-02-01,2,2,2024-02-01T10:00:00|2024-02-01T14:00:00
ATM-4,2024-02-08,2,2,2024-02-08T10:00:00|2024-02-08T14:00:00
ATM-4,2024-03-07,2,1,2024-03-07T10:00:00|2024-03-07T14:00:00
ATM-4,2024-03-14,2,2,2024-03-14T10:00:00|2024-03-14T14:00:00
ATM-4,2024-04-04,2,2,2024-04-04T10:00:00|2024-04-04T14:00:00
ATM-4,2024-04-10,2,2,2024-04-10T10:00:00|2024-04-10T14:00:00
ATM-4,2024-05-02,2,2,2024-05-02T10:00:00|2024-05-02T14:00:00
ATM-4,2024-05-09,2,2,2024-05-09T10:00:00|2024-05-09T14:00:00
ATM-4,2024-06-06,2,2,2024-06-06T10:00:00|2024-06-06T14:00:00
ATM-4,2024-06-13,2,1,2024-06-13T10:00:00|2024-06-13T14:00:00
ATM-4,2024-07-04,2,2,2024-07-04T10:00:00|2024-07-04T14:00:00
ATM-4,2024-07-11,2,2,2024-07-11T10:00:00|2024-07-11T14:00:00
ATM-4,2024-08-01,2,2,2024-08-01T10:00:00|2024-08-01T14:00:00
ATM-4,2024-08-08,2,2,2024-08-08T10:00:00|2024-08-08T14:00:00
ATM-4,2024-09-05,2,2,2024-09-05T10:00:00|2024-09-05T14:00:00
ATM-4,2024-09-12,2,2,2024-09-12T10:00:00|2024-09-12T14:00:00
ATM-4,2024-10-10,2,2,2024-10-10T10:00:00|2024-10-10T14:00:00
ATM-4,2024-11-07,2,2,2024-11-07T10:00:00|2024-11-07T14:00:00
ATM-4,2024-11-14,2,2,2024-11-14T10:00:00|2024-11-14T14:00:00
ATM-4,2024-12-05,2,2,2024-12-05T10:00:00|2024-12-05T14:00:00
ATM-4,2024-12-12,2,2,2024-12-12T10:00:00|2024-12-12T14:00:00
ATM-4,2025-01-02,2,2,2025-01-02T10:00:00|2025-01-02T14:00:00
ATM-4,2025-01-09,2,2,2025-01-09T10:00:00|2025-01-09T14:00:00
ATM-4,2025-01-16,2,2,2025-01-16T10:00:00|2025-01-16T14:00:00
ATM-4,2025-01-23,2,2,2025-01-23T10:00:00|2025-01-23T14:00:00
ATM-4,2025-02-06,2,2,2025-02-06T10:00:00|2025-02-06T14:00:00
ATM-4,2025-02-13,2,2,2025-02-13T10:00:00|2025-02-13T14:00:00
ATM-4,2025-02-20,2,2,2025-02-20T10:00:00|2025-02-20T14:00:00
ATM-4,2025-03-06,2,2,2025-03-06T10:00:00|2025-03-06T14:00:00
ATM-4,2025-03-13,2,2,2025-03-13T10:00:00|2025-03-13T14:00:00
ATM-4,2025-04-03,2,1,2025-04-03T10:00:00|2025-04-03T14:00:00
ATM-4,2025-04-09,2,1,2025-04-09T10:00:00|2025-04-09T14:00:00
ATM-4,2025-05-08,2,2,2025-05-08T10:00:00|2025-05-08T14:00:00
ATM-4,2025-05-15,2,2,2025-05-15T10:00:00|2025-05-15T14:00:00
ATM-4,2025-06-05,2,1,2025-06-05T10:00:00|2025-06-05T14:00:00
ATM-4,2025-06-12,2,2,2025-06-12T10:00:00|2025-06-12T14:00:00
ATM-4,2025-07-03,2,2,2025-07-03T10:00:00|2025-07-03T14:00:00
ATM-4,2025-07-10,2,2,2025-07-10T10:00:00|2025-07-10T14:00:00
ATM-3,2024-01-04,2,2,2024-01-04T10:00:00|2024-01-04T14:00:00
ATM-3,2024-02-01,2,2,2024-02-01T10:00:00|2024-02-01T14:00:00
ATM-3,2024-02-08,2,2,2024-02-08T10:00:00|2024-02-08T14:00:00
ATM-3,2024-03-07,2,1,2024-03-07T10:00:00|2024-03-07T14:00:00
ATM-3,2024-03-14,2,2,2024-03-14T10:00:00|2024-03-14T14:00:00
ATM-3,2024-04-04,2,2,2024-04-04T10:00:00|2024-04-04T14:00:00
ATM-3,2024-04-10,2,2,2024-04-10T10:00:00|2024-04-10T14:00:00
ATM-3,2024-05-02,2,2,2024-05-02T10:00:00|2024-05-02T14:00:00
ATM-3,2024-05-09,2,2,2024-05-09T10:00:00|2024-05-09T14:00:00
ATM-3,2024-06-06,2,2,2024-06-06T10:00:00|2024-06-06T14:00:00
ATM-3,2024-06-13,2,1,2024-06-13T10:00:00|2024-06-13T14:00:00
ATM-3,2024-07-04,2,2,2024-07-04T10:00:00|2024-07-04T14:00:00
ATM-3,2024-07-11,2,2,2024-07-11T10:00:00|2024-07-11T14:00:00
ATM-3,2024-08-01,2,2,2024-08-01T10:00:00|2024-08-01T14:00:00
ATM-3,2024-08-08,2,2,2024-08-08T10:00:00|2024-08-08T14:00:00
ATM-3,2024-09-05,2,2,2024-09-05T10:00:00|2024-09-05T14:00:00
ATM-3,2024-09-12,2,2,2024-09-12T10:00:00|2024-09-12T14:00:00
ATM-3,2024-10-10,2,2,2024-10-10T10:00:00|2024-10-10T14:00:00
ATM-3,2024-11-07,2,2,2024-11-07T10:00:00|2024-11-07T14:00:00
ATM-3,2024-11-14,2,2,2024-11-14T10:00:00|2024-11-14T14:00:00
ATM-3,2024-12-05,2,2,2024-12-05T10:00:00|2024-12-05T14:00:00
ATM-3,2024-12-12,2,2,2024-12-12T10:00:00|2024-12-12T14:00:00
ATM-3,2025-01-02,2,2,2025-01-02T10:00:00|2025-01-02T14:00:00
ATM-3,2025-01-09,2,2,2025-01-09T10:00:00|2025-01-09T14:00:00
ATM-3,2025-01-16,2,2,2025-01-16T10:00:00|2025-01-16T14:00:00
ATM-3,2025-01-23,2,2,2025-01-23T10:00:00|2025-01-23T14:00:00
ATM-3,2025-02-06,2,2,2025-02-06T10:00:00|2025-02-06T14:00:00
ATM-3,2025-02-13,2,2,2025-02-13T10:00:00|2025-02-13T14:00:00
ATM-3,2025-02-20,2,2,2025-02-20T10:00:00|2025-02-20T14:00:00
ATM-3,2025-03-06,2,2,2025-03-06T10:00:00|2025-03-06T14:00:00
ATM-3,2025-03-13,2,2,2025-03-13T10:00:00|2025-03-13T14:00:00
ATM-3,2025-04-03,2,1,2025-04-03T10:00:00|2025-04-03T14:00:00
ATM-3,2025-04-09,2,1,2025-04-09T10:00:00|2025-04-09T14:00:00
ATM-3,2025-05-08,2,2,2025-05-08T10:00:00|2025-05-08T14:00:00
ATM-3,2025-05-15,2,2,2025-05-15T10:00:00|2025-05-15T14:00:00
ATM-3,2025-06-05,2,1,2025-06-05T10:00:00|2025-06-05T14:00:00
ATM-3,2025-06-12,2,2,2025-06-12T10:00:00|2025-06-12T14:00:00
ATM-3,2025-07-03,2,2,2025-07-03T10:00:00|2025-07-03T14:00:00
ATM-3,2025-07-10,2,2,2025-07-10T10:00:00|2025-07-10T14:00:00
ATM-2,2024-01-04,2,2,2024-01-04T10:00:00|2024-01-04T14:00:00
ATM-2,2024-02-01,2,2,2024-02-01T10:00:00|2024-02-01T14:00:00
ATM-2,2024-02-08,2,2,2024-02-08T10:00:00|2024-02-08T14:00:00
ATM-2,2024-03-07,2,1,2024-03-07T10:00:00|2024-03-07T14:00:00
ATM-2,2024-03-14,2,2,2024-03-14T10:00:00|2024-03-14T14:00:00
ATM-2,2024-04-04,2,2,2024-04-04T10:00:00|2024-04-04T14:00:00
ATM-2,2024-04-10,2,2,2024-04-10T10:00:00|2024-04-10T14:00:00
ATM-2,2024-05-02,2,2,2024-05-02T10:00:00|2024-05-02T14:00:00
ATM-2,2024-05-09,2,2,2024-05-09T10:00:00|2024-05-09T14:00:00
ATM-2,2024-06-06,2,2,2024-06-06T10:00:00|2024-06-06T14:00:00
ATM-2,2024-06-13,2,1,2024-06-13T10:00:00|2024-06-13T14:00:00
ATM-2,2024-07-04,2,2,2024-07-04T10:00:00|2024-07-04T14:00:00
ATM-2,2024-07-11,2,2,2024-07-11T10:00:00|2024-07-11T14:00:00
ATM-2,2024-08-01,2,2,2024-08-01T10:00:00|2024-08-01T14:00:00
ATM-2,2024-08-08,2,2,2024-08-08T10:00:00|2024-08-08T14:00:00
ATM-2,2024-09-05,2,2,2024-09-05T10:00:00|2024-09-05T14:00:00
ATM-2,2024-09-12,2,2,2024-09-12T10:00:00|2024-09-12T14:00:00
ATM-2,2024-10-10,2,2,2024-10-10T10:00:00|2024-10-10T14:00:00
ATM-2,2024-11-07,2,2,2024-11-07T10:00:00|2024-11-07T14:00:00
ATM-2,2024-11-14,2,2,2024-11-14T10:00:00|2024-11-14T14:00:00
ATM-2,2024-12-05,2,2,2024-12-05T10:00:00|2024-12-05T14:00:00
ATM-2,2024-12-12,2,2,2024-12-12T10:00:00|2024-12-12T14:00:00
ATM-2,2025-01-02,2,2,2025-01-02T10:00:00|2025-01-02T14:00:00
ATM-2,2025-01-09,2,2,2025-01-09T10:00:00|2025-01-09T14:00:00
ATM-2,2025-01-16,2,2,2025-01-16T10:00:00|2025-01-16T14:00:00
ATM-2,2025-01-23,2,2,2025-01-23T10:00:00|2025-01-23T14:00:00
ATM-2,2025-02-06,2,2,2025-02-06T10:00:00|2025-02-06T14:00:00
ATM-2,2025-02-13,2,2,2025-02-13T10:00:00|2025-02-13T14:00:00
ATM-2,2025-02-20,2,2,2025-02-20T10:00:00|2025-02-20T14:00:00
ATM-2,2025-03-06,2,2,2025-03-06T10:00:00|2025-03-06T14:00:00
ATM-2,2025-03-13,2,2,2025-03-13T10:00:00|2025-03-13T14:00:00
ATM-2,2025-04-03,2,1,2025-04-03T10:00:00|2025-04-03T14:00:00
ATM-2,2025-04-09,2,1,2025-04-09T10:00:00|2025-04-09T14:00:00
ATM-2,2025-05-08,2,2,2025-05-08T10:00:00|2025-05-08T14:00:00
ATM-2,2025-05-15,2,2,2025-05-15T10:00:00|2025-05-15T14:00:00
ATM-2,2025-06-05,2,1,2025-06-05T10:00:00|2025-06-05T14:00:00
ATM-2,2025-06-12,2,2,2025-06-12T10:00:00|2025-06-12T14:00:00
ATM-2,2025-07-03,2,2,2025-07-03T10:00:00|2025-07-03T14:00:00
ATM-2,2025-07-10,2,2,2025-07-10T10:00:00|2025-07-10T14:00:00
ATM-1,2024-01-04,2,2,2024-01-04T10:00:00|2024-01-04T14:00:00
ATM-1,2024-02-01,2,2,2024-02-01T10:00:00|2024-02-01T14:00:00
ATM-1,2024-02-08,2,2,2024-02-08T10:00:00|2024-02-08T14:00:00
ATM-1,2024-03-07,2,1,2024-03-07T10:00:00|2024-03-07T14:00:00
ATM-1,2024-03-14,2,2,2024-03-14T10:00:00|2024-03-14T14:00:00
ATM-1,2024-04-04,2,2,2024-04-04T10:00:00|2024-04-04T14:00:00
ATM-1,2024-04-10,2,2,2024-04-10T10:00:00|2024-04-10T14:00:00
ATM-1,2024-05-02,2,2,2024-05-02T10:00:00|2024-05-02T14:00:00
ATM-1,2024-05-09,2,2,2024-05-09T10:00:00|2024-05-09T14:00:00
ATM-1,2024-06-06,2,2,2024-06-06T10:00:00|2024-06-06T14:00:00
ATM-1,2024-06-13,2,1,2024-06-13T10:00:00|2024-06-13T14:00:00
ATM-1,2024-07-04,2,2,2024-07-04T10:00:00|2024-07-04T14:00:00
ATM-1,2024-07-11,2,2,2024-07-11T10:00:00|2024-07-11T14:00:00
ATM-1,2024-08-01,2,2,2024-08-01T10:00:00|2024-08-01T14:00:00
ATM-1,2024-08-08,2,2,2024-08-08T10:00:00|2024-08-08T14:00:00
ATM-1,2024-09-05,2,2,2024-09-05T10:00:00|2024-09-05T14:00:00
ATM-1,2024-09-12,2,2,2024-09-12T10:00:00|2024-09-12T14:00:00
ATM-1,2024-10-10,2,2,2024-10-10T10:00:00|2024-10-10T14:00:00
ATM-1,2024-11-07,2,2,2024-11-07T10:00:00|2024-11-07T14:00:00
ATM-1,2024-11-14,2,2,2024-11-14T10:00:00|2024-11-14T14:00:00
ATM-1,2024-12-05,2,2,2024-12-05T10:00:00|2024-12-05T14:00:00
ATM-1,2024-12-12,2,2,2024-12-12T10:00:00|2024-12-12T14:00:00
ATM-1,2025-01-02,2,2,2025-01-02T10:00:00|2025-01-02T14:00:00
ATM-1,2025-01-09,2,2,2025-01-09T10:00:00|2025-01-09T14:00:00
ATM-1,2025-01-16,2,2,2025-01-16T10:00:00|2025-01-16T14:00:00
ATM-1,2025-01-23,2,2,2025-01-23T10:00:00|2025-01-23T14:00:00
ATM-1,2025-02-06,2,2,2025-02-06T10:00:00|2025-02-06T14:00:00
ATM-1,2025-02-13,2,2,2025-02-13T10:00:00|2025-02-13T14:00:00
ATM-1,2025-02-20,2,2,2025-02-20T10:00:00|2025-02-20T14:00:00
ATM-1,2025-03-06,2,2,2025-03-06T10:00:00|2025-03-06T14:00:00
ATM-1,2025-03-13,2,2,2025-03-13T10:00:00|2025-03-13T14:00:00
ATM-1,2025-04-03,2,1,2025-04-03T10:00:00|2025-04-03T14:00:00
ATM-1,2025-04-09,2,1,2025-04-09T10:00:00|2025-04-09T14:00:00
ATM-1,2025-05-08,2,2,2025-05-08T10:00:00|2025-05-08T14:00:00
ATM-1,2025-05-15,2,2,2025-05-15T10:00:00|2025-05-15T14:00:00
ATM-1,2025-06-05,2,1,2025-06-05T10:00:00|2025-06-05T14:00:00
ATM-1,2025-06-12,2,2,2025-06-12T10:00:00|2025-06-12T14:00:00
ATM-1,2025-07-03,2,2,2025-07-03T10:00:00|2025-07-03T14:00:00
ATM-1,2025-07-10,2,2,2025-07-10T10:00:00|2025-07-10T14:00:00
ATM,2024-01-04,2,2,2024-01-04T10:00:00|2024-01-04T14:00:00
ATM,2024-02-01,2,2,2024-02-01T10:00:00|2024-02-01T14:00:00
ATM,2024-02-08,2,2,2024-02-08T10:00:00|2024-02-08T14:00:00
ATM,2024-03-07,2,1,2024-03-07T10:00:00|2024-03-07T14:00:00
ATM,2024-03-14,2,2,2024-03-14T10:00:00|2024-03-14T14:00:00
ATM,2024-04-04,2,2,2024-04-04T10:00:00|2024-04-04T14:00:00
ATM,2024-04-10,2,2,2024-04-10T10:00:00|2024-04-10T14:00:00
ATM,2024-05-02,2,2,2024-05-02T10:00:00|2024-05-02T14:00:00
ATM,2024-05-09,2,2,2024-05-09T10:00:00|2024-05-09T14:00:00
ATM,2024-06-06,2,2,2024-06-06T10:00:00|2024-06-06T14:00:00
ATM,2024-06-13,2,1,2024-06-13T10:00:00|2024-06-13T14:00:00
ATM,2024-07-04,2,2,2024-07-04T10:00:00|2024-07-04T14:00:00
ATM,2024-07-11,2,2,2024-07-11T10:00:00|2024-07-11T14:00:00
ATM,2024-08-01,2,2,2024-08-01T10:00:00|2024-08-01T14:00:00
ATM,2024-08-08,2,2,2024-08-08T10:00:00|2024-08-08T14:00:00
ATM,2024-09-05,2,2,2024-09-05T10:00:00|2024-09-05T14:00:00
ATM,2024-09-12,2,2,2024-09-12T10:00:00|2024-09-12T14:00:00
ATM,2024-10-10,2,2,2024-10-10T10:00:00|2024-10-10T14:00:00
ATM,2024-11-07,2,2,2024-11-07T10:00:00|2024-11-07T14:00:00
ATM,2024-11-14,2,2,2024-11-14T10:00:00|2024-11-14T14:00:00
ATM,2024-12-05,2,2,2024-12-05T10:00:00|2024-12-05T14:00:00
ATM,2024-12-12,2,2,2024-12-12T10:00:00|2024-12-12T14:00:00
ATM,2025-01-02,2,2,2025-01-02T10:00:00|2025-01-02T14:00:00
ATM,2025-01-09,2,2,2025-01-09T10:00:00|2025-01-09T14:00:00
ATM,2025-01-16,2,2,2025-01-16T10:00:00|2025-01-16T14:00:00
ATM,2025-01-23,2,2,2025-01-23T10:00:00|2025-01-23T14:00:00
ATM,2025-02-06,2,2,2025-02-06T10:00:00|2025-02-06T14:00:00
ATM,2025-02-13,2,2,2025-02-13T10:00:00|2025-02-13T14:00:00
ATM,2025-02-20,2,2,2025-02-20T10:00:00|2025-02-20T14:00:00
ATM,2025-03-06,2,2,2025-03-06T10:00:00|2025-03-06T14:00:00
ATM,2025-03-13,2,2,2025-03-13T10:00:00|2025-03-13T14:00:00
ATM,2025-04-03,2,1,2025-04-03T10:00:00|2025-04-03T14:00:00
ATM,2025-04-09,2,1,2025-04-09T10:00:00|2025-04-09T14:00:00
ATM,2025-05-08,2,2,2025-05-08T10:00:00|2025-05-08T14:00:00
ATM,2025-05-15,2,2,2025-05-15T10:00:00|2025-05-15T14:00:00
ATM,2025-06-05,2,1,2025-06-05T10:00:00|2025-06-05T14:00:00
ATM,2025-06-12,2,2,2025-06-12T10:00:00|2025-06-12T14:00:00
ATM,2025-07-03,2,2,2025-07-03T10:00:00|2025-07-03T14:00:00
ATM,2025-07-10,2,2,2025-07-10T10:00:00|2025-07-10T14:00:00
ATM+1,2024-01-04,2,2,2024-01-04T10:00:00|2024-01-04T14:00:00
ATM+1,2024-02-01,2,2,2024-02-01T10:00:00|2024-02-01T14:00:00
ATM+1,2024-02-08,2,2,2024-02-08T10:00:00|2024-02-08T14:00:00
ATM+1,2024-03-07,2,1,2024-03-07T10:00:00|2024-03-07T14:00:00
ATM+1,2024-03-14,2,2,2024-03-14T10:00:00|2024-03-14T14:00:00
ATM+1,2024-04-04,2,2,2024-04-04T10:00:00|2024-04-04T14:00:00
ATM+1,2024-04-10,2,2,2024-04-10T10:00:00|2024-04-10T14:00:00
ATM+1,2024-05-02,2,2,2024-05-02T10:00:00|2024-05-02T14:00:00
ATM+1,2024-05-09,2,2,2024-05-09T10:00:00|2024-05-09T14:00:00
ATM+1,2024-06-06,2,2,2024-06-06T10:00:00|2024-06-06T14:00:00
ATM+1,2024-06-13,2,1,2024-06-13T10:00:00|2024-06-13T14:00:00
ATM+1,2024-07-04,2,2,2024-07-04T10:00:00|2024-07-04T14:00:00
ATM+1,2024-07-11,2,2,2024-07-11T10:00:00|2024-07-11T14:00:00
ATM+1,2024-08-01,2,2,2024-08-01T10:00:00|2024-08-01T14:00:00
ATM+1,2024-08-08,2,2,2024-08-08T10:00:00|2024-08-08T14:00:00
ATM+1,2024-09-05,2,2,2024-09-05T10:00:00|2024-09-05T14:00:00
ATM+1,2024-09-12,2,2,2024-09-12T10:00:00|2024-09-12T14:00:00
ATM+1,2024-10-10,2,2,2024-10-10T10:00:00|2024-10-10T14:00:00
ATM+1,2024-11-07,2,2,2024-11-07T10:00:00|2024-11-07T14:00:00
ATM+1,2024-11-14,2,2,2024-11-14T10:00:00|2024-11-14T14:00:00
ATM+1,2024-12-05,2,2,2024-12-05T10:00:00|2024-12-05T14:00:00
ATM+1,2024-12-12,2,2,2024-12-12T10:00:00|2024-12-12T14:00:00
ATM+1,2025-01-02,2,2,2025-01-02T10:00:00|2025-01-02T14:00:00
ATM+1,2025-01-09,2,2,2025-01-09T10:00:00|2025-01-09T14:00:00
ATM+1,2025-01-16,2,2,2025-01-16T10:00:00|2025-01-16T14:00:00
ATM+1,2025-01-23,2,2,2025-01-23T10:00:00|2025-01-23T14:00:00
ATM+1,2025-02-06,2,2,2025-02-06T10:00:00|2025-02-06T14:00:00
ATM+1,2025-02-13,2,2,2025-02-13T10:00:00|2025-02-13T14:00:00
ATM+1,2025-02-20,2,2,2025-02-20T10:00:00|2025-02-20T14:00:00
ATM+1,2025-03-06,2,2,2025-03-06T10:00:00|2025-03-06T14:00:00
ATM+1,2025-03-13,2,2,2025-03-13T10:00:00|2025-03-13T14:00:00
ATM+1,2025-04-03,2,1,2025-04-03T10:00:00|2025-04-03T14:00:00
ATM+1,2025-04-09,2,1,2025-04-09T10:00:00|2025-04-09T14:00:00
ATM+1,2025-05-08,2,2,2025-05-08T10:00:00|2025-05-08T14:00:00
ATM+1,2025-05-15,2,2,2025-05-15T10:00:00|2025-05-15T14:00:00
ATM+1,2025-06-05,2,1,2025-06-05T10:00:00|2025-06-05T14:00:00
ATM+1,2025-06-12,2,2,2025-06-12T10:00:00|2025-06-12T14:00:00
ATM+1,2025-07-03,2,2,2025-07-03T10:00:00|2025-07-03T14:00:00
ATM+1,2025-07-10,2,2,2025-07-10T10:00:00|2025-07-10T14:00:00
ATM+2,2024-01-04,2,2,2024-01-04T10:00:00|2024-01-04T14:00:00
ATM+2,2024-02-01,2,2,2024-02-01T10:00:00|2024-02-01T14:00:00
ATM+2,2024-02-08,2,2,2024-02-08T10:00:00|2024-02-08T14:00:00
ATM+2,2024-03-07,2,1,2024-03-07T10:00:00|2024-03-07T14:00:00
ATM+2,2024-03-14,2,2,2024-03-14T10:00:00|2024-03-14T14:00:00
ATM+2,2024-04-04,2,2,2024-04-04T10:00:00|2024-04-04T14:00:00
ATM+2,2024-04-10,2,2,2024-04-10T10:00:00|2024-04-10T14:00:00
ATM+2,2024-05-02,2,2,2024-05-02T10:00:00|2024-05-02T14:00:00
ATM+2,2024-05-09,2,2,2024-05-09T10:00:00|2024-05-09T14:00:00
ATM+2,2024-06-06,2,2,2024-06-06T10:00:00|2024-06-06T14:00:00
ATM+2,2024-06-13,2,1,2024-06-13T10:00:00|2024-06-13T14:00:00
ATM+2,2024-07-04,2,2,2024-07-04T10:00:00|2024-07-04T14:00:00
ATM+2,2024-07-11,2,2,2024-07-11T10:00:00|2024-07-11T14:00:00
ATM+2,2024-08-01,2,2,2024-08-01T10:00:00|2024-08-01T14:00:00
ATM+2,2024-08-08,2,2,2024-08-08T10:00:00|2024-08-08T14:00:00
ATM+2,2024-09-05,2,2,2024-09-05T10:00:00|2024-09-05T14:00:00
ATM+2,2024-09-12,2,2,2024-09-12T10:00:00|2024-09-12T14:00:00
ATM+2,2024-10-10,2,2,2024-10-10T10:00:00|2024-10-10T14:00:00
ATM+2,2024-11-07,2,2,2024-11-07T10:00:00|2024-11-07T14:00:00
ATM+2,2024-11-14,2,2,2024-11-14T10:00:00|2024-11-14T14:00:00
ATM+2,2024-12-05,2,2,2024-12-05T10:00:00|2024-12-05T14:00:00
ATM+2,2024-12-12,2,2,2024-12-12T10:00:00|2024-12-12T14:00:00
ATM+2,2025-01-02,2,2,2025-01-02T10:00:00|2025-01-02T14:00:00
ATM+2,2025-01-09,2,2,2025-01-09T10:00:00|2025-01-09T14:00:00
ATM+2,2025-01-16,2,2,2025-01-16T10:00:00|2025-01-16T14:00:00
ATM+2,2025-01-23,2,2,2025-01-23T10:00:00|2025-01-23T14:00:00
ATM+2,2025-02-06,2,2,2025-02-06T10:00:00|2025-02-06T14:00:00
ATM+2,2025-02-13,2,2,2025-02-13T10:00:00|2025-02-13T14:00:00
ATM+2,2025-02-20,2,2,2025-02-20T10:00:00|2025-02-20T14:00:00
ATM+2,2025-03-06,2,2,2025-03-06T10:00:00|2025-03-06T14:00:00
ATM+2,2025-03-13,2,2,2025-03-13T10:00:00|2025-03-13T14:00:00
ATM+2,2025-04-03,2,1,2025-04-03T10:00:00|2025-04-03T14:00:00
ATM+2,2025-04-09,2,1,2025-04-09T10:00:00|2025-04-09T14:00:00
ATM+2,2025-05-08,2,2,2025-05-08T10:00:00|2025-05-08T14:00:00
ATM+2,2025-05-15,2,2,2025-05-15T10:00:00|2025-05-15T14:00:00
ATM+2,2025-06-05,2,1,2025-06-05T10:00:00|2025-06-05T14:00:00
ATM+2,2025-06-12,2,2,2025-06-12T10:00:00|2025-06-12T14:00:00
ATM+2,2025-07-03,2,2,2025-07-03T10:00:00|2025-07-03T14:00:00
ATM+2,2025-07-10,2,2,2025-07-10T10:00:00|2025-07-10T14:00:00
ATM+3,2024-01-04,2,2,2024-01-04T10:00:00|2024-01-04T14:00:00
ATM+3,2024-02-01,2,2,2024-02-01T10:00:00|2024-02-01T14:00:00
ATM+3,2024-02-08,2,2,2024-02-08T10:00:00|2024-02-08T14:00:00
ATM+3,2024-03-07,2,1,2024-03-07T10:00:00|2024-03-07T14:00:00
ATM+3,2024-03-14,2,2,2024-03-14T10:00:00|2024-03-14T14:00:00
ATM+3,2024-04-04,2,2,2024-04-04T10:00:00|2024-04-04T14:00:00
ATM+3,2024-04-10,2,2,2024-04-10T10:00:00|2024-04-10T14:00:00
ATM+3,2024-05-02,2,2,2024-05-02T10:00:00|2024-05-02T14:00:00
ATM+3,2024-05-09,2,2,2024-05-09T10:00:00|2024-05-09T14:00:00
ATM+3,2024-06-06,2,2,2024-06-06T10:00:00|2024-06-06T14:00:00
ATM+3,2024-06-13,2,1,2024-06-13T10:00:00|2024-06-13T14:00:00
ATM+3,2024-07-04,2,2,2024-07-04T10:00:00|2024-07-04T14:00:00
ATM+3,2024-07-11,2,2,2024-07-11T10:00:00|2024-07-11T14:00:00
ATM+3,2024-08-01,2,2,2024-08-01T10:00:00|2024-08-01T14:00:00
ATM+3,2024-08-08,2,2,2024-08-08T10:00:00|2024-08-08T14:00:00
ATM+3,2024-09-05,2,2,2024-09-05T10:00:00|2024-09-05T14:00:00
ATM+3,2024-09-12,2,2,2024-09-12T10:00:00|2024-09-12T14:00:00
ATM+3,2024-10-10,2,2,2024-10-10T10:00:00|2024-10-10T14:00:00
ATM+3,2024-11-07,2,2,2024-11-07T10:00:00|2024-11-07T14:00:00
ATM+3,2024-11-14,2,2,2024-11-14T10:00:00|2024-11-14T14:00:00
ATM+3,2024-12-05,2,2,2024-12-05T10:00:00|2024-12-05T14:00:00
ATM+3,2024-12-12,2,2,2024-12-12T10:00:00|2024-12-12T14:00:00
ATM+3,2025-01-02,2,2,2025-01-02T10:00:00|2025-01-02T14:00:00
ATM+3,2025-01-09,2,2,2025-01-09T10:00:00|2025-01-09T14:00:00
ATM+3,2025-01-16,2,2,2025-01-16T10:00:00|2025-01-16T14:00:00
ATM+3,2025-01-23,2,2,2025-01-23T10:00:00|2025-01-23T14:00:00
ATM+3,2025-02-06,2,2,2025-02-06T10:00:00|2025-02-06T14:00:00
ATM+3,2025-02-13,2,2,2025-02-13T10:00:00|2025-02-13T14:00:00
ATM+3,2025-02-20,2,2,2025-02-20T10:00:00|2025-02-20T14:00:00
ATM+3,2025-03-06,2,2,2025-03-06T10:00:00|2025-03-06T14:00:00
ATM+3,2025-03-13,2,2,2025-03-13T10:00:00|2025-03-13T14:00:00
ATM+3,2025-04-03,2,1,2025-04-03T10:00:00|2025-04-03T14:00:00
ATM+3,2025-04-09,2,1,2025-04-09T10:00:00|2025-04-09T14:00:00
ATM+3,2025-05-08,2,2,2025-05-08T10:00:00|2025-05-08T14:00:00
ATM+3,2025-05-15,2,2,2025-05-15T10:00:00|2025-05-15T14:00:00
ATM+3,2025-06-05,2,1,2025-06-05T10:00:00|2025-06-05T14:00:00
ATM+3,2025-06-12,2,2,2025-06-12T10:00:00|2025-06-12T14:00:00
ATM+3,2025-07-03,2,2,2025-07-03T10:00:00|2025-07-03T14:00:00
ATM+3,2025-07-10,2,2,2025-07-10T10:00:00|2025-07-10T14:00:00
ATM+4,2024-01-04,2,2,2024-01-04T10:00:00|2024-01-04T14:00:00
ATM+4,2024-02-01,2,2,2024-02-01T10:00:00|2024-02-01T14:00:00
ATM+4,2024-02-08,2,2,2024-02-08T10:00:00|2024-02-08T14:00:00
ATM+4,2024-03-07,2,1,2024-03-07T10:00:00|2024-03-07T14:00:00
ATM+4,2024-03-14,2,2,2024-03-14T10:00:00|2024-03-14T14:00:00
ATM+4,2024-04-04,2,2,2024-04-04T10:00:00|2024-04-04T14:00:00
ATM+4,2024-04-10,2,2,2024-04-10T10:00:00|2024-04-10T14:00:00
ATM+4,2024-05-02,2,2,2024-05-02T10:00:00|2024-05-02T14:00:00
ATM+4,2024-05-09,2,2,2024-05-09T10:00:00|2024-05-09T14:00:00
ATM+4,2024-06-06,2,2,2024-06-06T10:00:00|2024-06-06T14:00:00
ATM+4,2024-06-13,2,1,2024-06-13T10:00:00|2024-06-13T14:00:00
ATM+4,2024-07-04,2,2,2024-07-04T10:00:00|2024-07-04T14:00:00
ATM+4,2024-07-11,2,2,2024-07-11T10:00:00|2024-07-11T14:00:00
ATM+4,2024-08-01,2,2,2024-08-01T10:00:00|2024-08-01T14:00:00
ATM+4,2024-08-08,2,2,2024-08-08T10:00:00|2024-08-08T14:00:00
ATM+4,2024-09-05,2,2,2024-09-05T10:00:00|2024-09-05T14:00:00
ATM+4,2024-09-12,2,2,2024-09-12T10:00:00|2024-09-12T14:00:00
ATM+4,2024-10-10,2,2,2024-10-10T10:00:00|2024-10-10T14:00:00
ATM+4,2024-11-07,2,2,2024-11-07T10:00:00|2024-11-07T14:00:00
ATM+4,2024-11-14,2,2,2024-11-14T10:00:00|2024-11-14T14:00:00
ATM+4,2024-12-05,2,2,2024-12-05T10:00:00|2024-12-05T14:00:00
ATM+4,2024-12-12,2,2,2024-12-12T10:00:00|2024-12-12T14:00:00
ATM+4,2025-01-02,2,2,2025-01-02T10:00:00|2025-01-02T14:00:00
ATM+4,2025-01-09,2,2,2025-01-09T10:00:00|2025-01-09T14:00:00
ATM+4,2025-01-16,2,2,2025-01-16T10:00:00|2025-01-16T14:00:00
ATM+4,2025-01-23,2,2,2025-01-23T10:00:00|2025-01-23T14:00:00
ATM+4,2025-02-06,2,2,2025-02-06T10:00:00|2025-02-06T14:00:00
ATM+4,2025-02-13,2,2,2025-02-13T10:00:00|2025-02-13T14:00:00
ATM+4,2025-02-20,2,2,2025-02-20T10:00:00|2025-02-20T14:00:00
ATM+4,2025-03-06,2,2,2025-03-06T10:00:00|2025-03-06T14:00:00
ATM+4,2025-03-13,2,2,2025-03-13T10:00:00|2025-03-13T14:00:00
ATM+4,2025-04-03,2,1,2025-04-03T10:00:00|2025-04-03T14:00:00
ATM+4,2025-04-09,2,1,2025-04-09T10:00:00|2025-04-09T14:00:00
ATM+4,2025-05-08,2,2,2025-05-08T10:00:00|2025-05-08T14:00:00
ATM+4,2025-05-15,2,2,2025-05-15T10:00:00|2025-05-15T14:00:00
ATM+4,2025-06-05,2,1,2025-06-05T10:00:00|2025-06-05T14:00:00
ATM+4,2025-06-12,2,2,2025-06-12T10:00:00|2025-06-12T14:00:00
ATM+4,2025-07-03,2,2,2025-07-03T10:00:00|2025-07-03T14:00:00
ATM+4,2025-07-10,2,2,2025-07-10T10:00:00|2025-07-10T14:00:00
ATM+5,2024-01-04,2,2,2024-01-04T10:00:00|2024-01-04T14:00:00
ATM+5,2024-02-01,2,2,2024-02-01T10:00:00|2024-02-01T14:00:00
ATM+5,2024-02-08,2,2,2024-02-08T10:00:00|2024-02-08T14:00:00
ATM+5,2024-03-07,2,1,2024-03-07T10:00:00|2024-03-07T14:00:00
ATM+5,2024-03-14,2,2,2024-03-14T10:00:00|2024-03-14T14:00:00
ATM+5,2024-04-04,2,2,2024-04-04T10:00:00|2024-04-04T14:00:00
ATM+5,2024-04-10,2,2,2024-04-10T10:00:00|2024-04-10T14:00:00
ATM+5,2024-05-02,2,2,2024-05-02T10:00:00|2024-05-02T14:00:00
ATM+5,2024-05-09,2,2,2024-05-09T10:00:00|2024-05-09T14:00:00
ATM+5,2024-06-06,2,2,2024-06-06T10:00:00|2024-06-06T14:00:00
ATM+5,2024-06-13,2,1,2024-06-13T10:00:00|2024-06-13T14:00:00
ATM+5,2024-07-04,2,2,2024-07-04T10:00:00|2024-07-04T14:00:00
ATM+5,2024-07-11,2,2,2024-07-11T10:00:00|2024-07-11T14:00:00
ATM+5,2024-08-01,2,2,2024-08-01T10:00:00|2024-08-01T14:00:00
ATM+5,2024-08-08,2,2,2024-08-08T10:00:00|2024-08-08T14:00:00
ATM+5,2024-09-05,2,2,2024-09-05T10:00:00|2024-09-05T14:00:00
ATM+5,2024-09-12,2,2,2024-09-12T10:00:00|2024-09-12T14:00:00
ATM+5,2024-10-10,2,2,2024-10-10T10:00:00|2024-10-10T14:00:00
ATM+5,2024-11-07,2,2,2024-11-07T10:00:00|2024-11-07T14:00:00
ATM+5,2024-11-14,2,2,2024-11-14T10:00:00|2024-11-14T14:00:00
ATM+5,2024-12-05,2,2,2024-12-05T10:00:00|2024-12-05T14:00:00
ATM+5,2024-12-12,2,2,2024-12-12T10:00:00|2024-12-12T14:00:00
ATM+5,2025-01-02,2,2,2025-01-02T10:00:00|2025-01-02T14:00:00
ATM+5,2025-01-09,2,2,2025-01-09T10:00:00|2025-01-09T14:00:00
ATM+5,2025-01-16,2,2,2025-01-16T10:00:00|2025-01-16T14:00:00
ATM+5,2025-01-23,2,2,2025-01-23T10:00:00|2025-01-23T14:00:00
ATM+5,2025-02-06,2,2,2025-02-06T10:00:00|2025-02-06T14:00:00
ATM+5,2025-02-13,2,2,2025-02-13T10:00:00|2025-02-13T14:00:00
ATM+5,2025-02-20,2,2,2025-02-20T10:00:00|2025-02-20T14:00:00
ATM+5,2025-03-06,2,2,2025-03-06T10:00:00|2025-03-06T14:00:00
ATM+5,2025-03-13,2,2,2025-03-13T10:00:00|2025-03-13T14:00:00
ATM+5,2025-04-03,2,1,2025-04-03T10:00:00|2025-04-03T14:00:00
ATM+5,2025-04-09,2,1,2025-04-09T10:00:00|2025-04-09T14:00:00
ATM+5,2025-05-08,2,2,2025-05-08T10:00:00|2025-05-08T14:00:00
ATM+5,2025-05-15,2,2,2025-05-15T10:00:00|2025-05-15T14:00:00
ATM+5,2025-06-05,2,1,2025-06-05T10:00:00|2025-06-05T14:00:00
ATM+5,2025-06-12,2,2,2025-06-12T10:00:00|2025-06-12T14:00:00
ATM+5,2025-07-03,2,2,2025-07-03T10:00:00|2025-07-03T14:00:00
ATM+5,2025-07-10,2,2,2025-07-10T10:00:00|2025-07-10T14:00:00
ATM+6,2024-01-04,2,2,2024-01-04T10:00:00|2024-01-04T14:00:00
ATM+6,2024-02-01,2,2,2024-02-01T10:00:00|2024-02-01T14:00:00
ATM+6,2024-02-08,2,2,2024-02-08T10:00:00|2024-02-08T14:00:00
ATM+6,2024-03-07,2,1,2024-03-07T10:00:00|2024-03-07T14:00:00
ATM+6,2024-03-14,2,2,2024-03-14T10:00:00|2024-03-14T14:00:00
ATM+6,2024-04-04,2,2,2024-04-04T10:00:00|2024-04-04T14:00:00
ATM+6,2024-04-10,2,2,2024-04-10T10:00:00|2024-04-10T14:00:00
ATM+6,2024-05-02,2,2,2024-05-02T10:00:00|2024-05-02T14:00:00
ATM+6,2024-05-09,2,2,2024-05-09T10:00:00|2024-05-09T14:00:00
ATM+6,2024-06-06,2,2,2024-06-06T10:00:00|2024-06-06T14:00:00
ATM+6,2024-06-13,2,1,2024-06-13T10:00:00|2024-06-13T14:00:00
ATM+6,2024-07-04,2,2,2024-07-04T10:00:00|2024-07-04T14:00:00
ATM+6,2024-07-11,2,2,2024-07-11T10:00:00|2024-07-11T14:00:00
ATM+6,2024-08-01,2,2,2024-08-01T10:00:00|2024-08-01T14:00:00
ATM+6,2024-08-08,2,2,2024-08-08T10:00:00|2024-08-08T14:00:00
ATM+6,2024-09-05,2,2,2024-09-05T10:00:00|2024-09-05T14:00:00
ATM+6,2024-09-12,2,2,2024-09-12T10:00:00|2024-09-12T14:00:00
ATM+6,2024-10-10,2,2,2024-10-10T10:00:00|2024-10-10T14:00:00
ATM+6,2024-11-07,2,2,2024-11-07T10:00:00|2024-11-07T14:00:00
ATM+6,2024-11-14,2,2,2024-11-14T10:00:00|2024-11-14T14:00:00
ATM+6,2024-12-05,2,2,2024-12-05T10:00:00|2024-12-05T14:00:00
ATM+6,2024-12-12,2,2,2024-12-12T10:00:00|2024-12-12T14:00:00
ATM+6,2025-01-02,2,2,2025-01-02T10:00:00|2025-01-02T14:00:00
ATM+6,2025-01-09,2,2,2025-01-09T10:00:00|2025-01-09T14:00:00
ATM+6,2025-01-16,2,2,2025-01-16T10:00:00|2025-01-16T14:00:00
ATM+6,2025-01-23,2,2,2025-01-23T10:00:00|2025-01-23T14:00:00
ATM+6,2025-02-06,2,2,2025-02-06T10:00:00|2025-02-06T14:00:00
ATM+6,2025-02-13,2,2,2025-02-13T10:00:00|2025-02-13T14:00:00
ATM+6,2025-02-20,2,2,2025-02-20T10:00:00|2025-02-20T14:00:00
ATM+6,2025-03-06,2,2,2025-03-06T10:00:00|2025-03-06T14:00:00
ATM+6,2025-03-13,2,2,2025-03-13T10:00:00|2025-03-13T14:00:00
ATM+6,2025-04-03,2,1,2025-04-03T10:00:00|2025-04-03T14:00:00
ATM+6,2025-04-09,2,1,2025-04-09T10:00:00|2025-04-09T14:00:00
ATM+6,2025-05-08,2,2,2025-05-08T10:00:00|2025-05-08T14:00:00
ATM+6,2025-05-15,2,2,2025-05-15T10:00:00|2025-05-15T14:00:00
ATM+6,2025-06-05,2,1,2025-06-05T10:00:00|2025-06-05T14:00:00
ATM+6,2025-06-12,2,2,2025-06-12T10:00:00|2025-06-12T14:00:00
ATM+6,2025-07-03,2,2,2025-07-03T10:00:00|2025-07-03T14:00:00
ATM+6,2025-07-10,2,2,2025-07-10T10:00:00|2025-07-10T14:00:00
ATM+7,2024-01-04,2,2,2024-01-04T10:00:00|2024-01-04T14:00:00
ATM+7,2024-02-01,2,2,2024-02-01T10:00:00|2024-02-01T14:00:00
ATM+7,2024-02-08,2,2,2024-02-08T10:00:00|2024-02-08T14:00:00
ATM+7,2024-03-07,2,1,2024-03-07T10:00:00|2024-03-07T14:00:00
ATM+7,2024-03-14,2,2,2024-03-14T10:00:00|2024-03-14T14:00:00
ATM+7,2024-04-04,2,2,2024-04-04T10:00:00|2024-04-04T14:00:00
ATM+7,2024-04-10,2,2,2024-04-10T10:00:00|2024-04-10T14:00:00
ATM+7,2024-05-02,2,2,2024-05-02T10:00:00|2024-05-02T14:00:00
ATM+7,2024-05-09,2,2,2024-05-09T10:00:00|2024-05-09T14:00:00
ATM+7,2024-06-06,2,2,2024-06-06T10:00:00|2024-06-06T14:00:00
ATM+7,2024-06-13,2,1,2024-06-13T10:00:00|2024-06-13T14:00:00
ATM+7,2024-07-04,2,2,2024-07-04T10:00:00|2024-07-04T14:00:00
ATM+7,2024-07-11,2,2,2024-07-11T10:00:00|2024-07-11T14:00:00
ATM+7,2024-08-01,2,2,2024-08-01T10:00:00|2024-08-01T14:00:00
ATM+7,2024-08-08,2,2,2024-08-08T10:00:00|2024-08-08T14:00:00
ATM+7,2024-09-05,2,2,2024-09-05T10:00:00|2024-09-05T14:00:00
ATM+7,2024-09-12,2,2,2024-09-12T10:00:00|2024-09-12T14:00:00
ATM+7,2024-10-10,2,2,2024-10-10T10:00:00|2024-10-10T14:00:00
ATM+7,2024-11-07,2,2,2024-11-07T10:00:00|2024-11-07T14:00:00
ATM+7,2024-11-14,2,2,2024-11-14T10:00:00|2024-11-14T14:00:00
ATM+7,2024-12-05,2,2,2024-12-05T10:00:00|2024-12-05T14:00:00
ATM+7,2024-12-12,2,2,2024-12-12T10:00:00|2024-12-12T14:00:00
ATM+7,2025-01-02,2,2,2025-01-02T10:00:00|2025-01-02T14:00:00
ATM+7,2025-01-09,2,2,2025-01-09T10:00:00|2025-01-09T14:00:00
ATM+7,2025-01-16,2,2,2025-01-16T10:00:00|2025-01-16T14:00:00
ATM+7,2025-01-23,2,2,2025-01-23T10:00:00|2025-01-23T14:00:00
ATM+7,2025-02-06,2,2,2025-02-06T10:00:00|2025-02-06T14:00:00
ATM+7,2025-02-13,2,2,2025-02-13T10:00:00|2025-02-13T14:00:00
ATM+7,2025-02-20,2,2,2025-02-20T10:00:00|2025-02-20T14:00:00
ATM+7,2025-03-06,2,2,2025-03-06T10:00:00|2025-03-06T14:00:00
ATM+7,2025-03-13,2,2,2025-03-13T10:00:00|2025-03-13T14:00:00
ATM+7,2025-04-03,2,1,2025-04-03T10:00:00|2025-04-03T14:00:00
ATM+7,2025-04-09,2,1,2025-04-09T10:00:00|2025-04-09T14:00:00
ATM+7,2025-05-08,2,2,2025-05-08T10:00:00|2025-05-08T14:00:00
ATM+7,2025-05-15,2,2,2025-05-15T10:00:00|2025-05-15T14:00:00
ATM+7,2025-06-05,2,1,2025-06-05T10:00:00|2025-06-05T14:00:00
ATM+7,2025-06-12,2,2,2025-06-12T10:00:00|2025-06-12T14:00:00
ATM+7,2025-07-03,2,2,2025-07-03T10:00:00|2025-07-03T14:00:00
ATM+7,2025-07-10,2,2,2025-07-10T10:00:00|2025-07-10T14:00:00
ATM+8,2024-01-04,2,2,2024-01-04T10:00:00|2024-01-04T14:00:00
ATM+8,2024-02-01,2,2,2024-02-01T10:00:00|2024-02-01T14:00:00
ATM+8,2024-02-08,2,2,2024-02-08T10:00:00|2024-02-08T14:00:00
ATM+8,2024-03-07,2,1,2024-03-07T10:00:00|2024-03-07T14:00:00
ATM+8,2024-03-14,2,2,2024-03-14T10:00:00|2024-03-14T14:00:00
ATM+8,2024-04-04,2,2,2024-04-04T10:00:00|2024-04-04T14:00:00
ATM+8,2024-04-10,2,2,2024-04-10T10:00:00|2024-04-10T14:00:00
ATM+8,2024-05-02,2,2,2024-05-02T10:00:00|2024-05-02T14:00:00
ATM+8,2024-05-09,2,2,2024-05-09T10:00:00|2024-05-09T14:00:00
ATM+8,2024-06-06,2,2,2024-06-06T10:00:00|2024-06-06T14:00:00
ATM+8,2024-06-13,2,1,2024-06-13T10:00:00|2024-06-13T14:00:00
ATM+8,2024-07-04,2,2,2024-07-04T10:00:00|2024-07-04T14:00:00
ATM+8,2024-07-11,2,2,2024-07-11T10:00:00|2024-07-11T14:00:00
ATM+8,2024-08-01,2,2,2024-08-01T10:00:00|2024-08-01T14:00:00
ATM+8,2024-08-08,2,2,2024-08-08T10:00:00|2024-08-08T14:00:00
ATM+8,2024-09-05,2,2,2024-09-05T10:00:00|2024-09-05T14:00:00
ATM+8,2024-09-12,2,2,2024-09-12T10:00:00|2024-09-12T14:00:00
ATM+8,2024-10-10,2,2,2024-10-10T10:00:00|2024-10-10T14:00:00
ATM+8,2024-11-07,2,2,2024-11-07T10:00:00|2024-11-07T14:00:00
ATM+8,2024-11-14,2,2,2024-11-14T10:00:00|2024-11-14T14:00:00
ATM+8,2024-12-05,2,2,2024-12-05T10:00:00|2024-12-05T14:00:00
ATM+8,2024-12-12,2,2,2024-12-12T10:00:00|2024-12-12T14:00:00
ATM+8,2025-01-02,2,2,2025-01-02T10:00:00|2025-01-02T14:00:00
ATM+8,2025-01-09,2,2,2025-01-09T10:00:00|2025-01-09T14:00:00
ATM+8,2025-01-16,2,2,2025-01-16T10:00:00|2025-01-16T14:00:00
ATM+8,2025-01-23,2,2,2025-01-23T10:00:00|2025-01-23T14:00:00
ATM+8,2025-02-06,2,2,2025-02-06T10:00:00|2025-02-06T14:00:00
ATM+8,2025-02-13,2,2,2025-02-13T10:00:00|2025-02-13T14:00:00
ATM+8,2025-02-20,2,2,2025-02-20T10:00:00|2025-02-20T14:00:00
ATM+8,2025-03-06,2,2,2025-03-06T10:00:00|2025-03-06T14:00:00
ATM+8,2025-03-13,2,2,2025-03-13T10:00:00|2025-03-13T14:00:00
ATM+8,2025-04-03,2,1,2025-04-03T10:00:00|2025-04-03T14:00:00
ATM+8,2025-04-09,2,1,2025-04-09T10:00:00|2025-04-09T14:00:00
ATM+8,2025-05-08,2,2,2025-05-08T10:00:00|2025-05-08T14:00:00
ATM+8,2025-05-15,2,2,2025-05-15T10:00:00|2025-05-15T14:00:00
ATM+8,2025-06-05,2,1,2025-06-05T10:00:00|2025-06-05T14:00:00
ATM+8,2025-06-12,2,2,2025-06-12T10:00:00|2025-06-12T14:00:00
ATM+8,2025-07-03,2,2,2025-07-03T10:00:00|2025-07-03T14:00:00
ATM+8,2025-07-10,2,2,2025-07-10T10:00:00|2025-07-10T14:00:00
ATM+9,2024-01-04,2,2,2024-01-04T10:00:00|2024-01-04T14:00:00
ATM+9,2024-02-01,2,2,2024-02-01T10:00:00|2024-02-01T14:00:00
ATM+9,2024-02-08,2,2,2024-02-08T10:00:00|2024-02-08T14:00:00
ATM+9,2024-03-07,2,1,2024-03-07T10:00:00|2024-03-07T14:00:00
ATM+9,2024-03-14,2,2,2024-03-14T10:00:00|2024-03-14T14:00:00
ATM+9,2024-04-04,2,2,2024-04-04T10:00:00|2024-04-04T14:00:00
ATM+9,2024-04-10,2,2,2024-04-10T10:00:00|2024-04-10T14:00:00
ATM+9,2024-05-02,2,2,2024-05-02T10:00:00|2024-05-02T14:00:00
ATM+9,2024-05-09,2,2,2024-05-09T10:00:00|2024-05-09T14:00:00
ATM+9,2024-06-06,1,1,2024-06-06T10:00:00
ATM+9,2024-06-13,2,1,2024-06-13T10:00:00|2024-06-13T14:00:00
ATM+9,2024-07-04,2,2,2024-07-04T10:00:00|2024-07-04T14:00:00
ATM+9,2024-07-11,2,2,2024-07-11T10:00:00|2024-07-11T14:00:00
ATM+9,2024-08-01,2,2,2024-08-01T10:00:00|2024-08-01T14:00:00
ATM+9,2024-08-08,2,2,2024-08-08T10:00:00|2024-08-08T14:00:00
ATM+9,2024-09-05,2,2,2024-09-05T10:00:00|2024-09-05T14:00:00
ATM+9,2024-09-12,2,2,2024-09-12T10:00:00|2024-09-12T14:00:00
ATM+9,2024-10-10,2,2,2024-10-10T10:00:00|2024-10-10T14:00:00
ATM+9,2024-11-07,2,2,2024-11-07T10:00:00|2024-11-07T14:00:00
ATM+9,2024-11-14,2,2,2024-11-14T10:00:00|2024-11-14T14:00:00
ATM+9,2024-12-05,2,2,2024-12-05T10:00:00|2024-12-05T14:00:00
ATM+9,2024-12-12,2,2,2024-12-12T10:00:00|2024-12-12T14:00:00
ATM+9,2025-01-02,2,2,2025-01-02T10:00:00|2025-01-02T14:00:00
ATM+9,2025-01-09,2,2,2025-01-09T10:00:00|2025-01-09T14:00:00
ATM+9,2025-01-16,2,2,2025-01-16T10:00:00|2025-01-16T14:00:00
ATM+9,2025-01-23,2,2,2025-01-23T10:00:00|2025-01-23T14:00:00
ATM+9,2025-02-06,2,2,2025-02-06T10:00:00|2025-02-06T14:00:00
ATM+9,2025-02-13,2,2,2025-02-13T10:00:00|2025-02-13T14:00:00
ATM+9,2025-02-20,2,2,2025-02-20T10:00:00|2025-02-20T14:00:00
ATM+9,2025-03-06,2,2,2025-03-06T10:00:00|2025-03-06T14:00:00
ATM+9,2025-03-13,2,2,2025-03-13T10:00:00|2025-03-13T14:00:00
ATM+9,2025-04-03,2,1,2025-04-03T10:00:00|2025-04-03T14:00:00
ATM+9,2025-04-09,2,1,2025-04-09T10:00:00|2025-04-09T14:00:00
ATM+9,2025-05-08,2,2,2025-05-08T10:00:00|2025-05-08T14:00:00
ATM+9,2025-05-15,2,2,2025-05-15T10:00:00|2025-05-15T14:00:00
ATM+9,2025-06-05,2,1,2025-06-05T10:00:00|2025-06-05T14:00:00
ATM+9,2025-06-12,2,2,2025-06-12T10:00:00|2025-06-12T14:00:00
ATM+9,2025-07-03,2,2,2025-07-03T10:00:00|2025-07-03T14:00:00
ATM+9,2025-07-10,2,2,2025-07-10T10:00:00|2025-07-10T14:00:00
ATM+10,2024-01-04,2,2,2024-01-04T10:00:00|2024-01-04T14:00:00
ATM+10,2024-02-01,2,2,2024-02-01T10:00:00|2024-02-01T14:00:00
ATM+10,2024-02-08,2,2,2024-02-08T10:00:00|2024-02-08T14:00:00
ATM+10,2024-03-07,2,1,2024-03-07T10:00:00|2024-03-07T14:00:00
ATM+10,2024-03-14,2,2,2024-03-14T10:00:00|2024-03-14T14:00:00
ATM+10,2024-04-04,2,2,2024-04-04T10:00:00|2024-04-04T14:00:00
ATM+10,2024-04-10,2,2,2024-04-10T10:00:00|2024-04-10T14:00:00
ATM+10,2024-05-02,2,2,2024-05-02T10:00:00|2024-05-02T14:00:00
ATM+10,2024-05-09,2,2,2024-05-09T10:00:00|2024-05-09T14:00:00
ATM+10,2024-06-06,2,2,2024-06-06T10:00:00|2024-06-06T14:00:00
ATM+10,2024-06-13,2,1,2024-06-13T10:00:00|2024-06-13T14:00:00
ATM+10,2024-07-04,2,2,2024-07-04T10:00:00|2024-07-04T14:00:00
ATM+10,2024-07-11,2,2,2024-07-11T10:00:00|2024-07-11T14:00:00
ATM+10,2024-08-01,2,2,2024-08-01T10:00:00|2024-08-01T14:00:00
ATM+10,2024-08-08,2,2,2024-08-08T10:00:00|2024-08-08T14:00:00
ATM+10,2024-09-05,2,2,2024-09-05T10:00:00|2024-09-05T14:00:00
ATM+10,2024-09-12,2,2,2024-09-12T10:00:00|2024-09-12T14:00:00
ATM+10,2024-10-10,2,2,2024-10-10T10:00:00|2024-10-10T14:00:00
ATM+10,2024-11-07,2,2,2024-11-07T10:00:00|2024-11-07T14:00:00
ATM+10,2024-11-14,2,2,2024-11-14T10:00:00|2024-11-14T14:00:00
ATM+10,2024-12-05,2,2,2024-12-05T10:00:00|2024-12-05T14:00:00
ATM+10,2024-12-12,2,2,2024-12-12T10:00:00|2024-12-12T14:00:00
ATM+10,2025-01-02,2,2,2025-01-02T10:00:00|2025-01-02T14:00:00
ATM+10,2025-01-09,2,2,2025-01-09T10:00:00|2025-01-09T14:00:00
ATM+10,2025-01-16,2,2,2025-01-16T10:00:00|2025-01-16T14:00:00
ATM+10,2025-01-23,2,2,2025-01-23T10:00:00|2025-01-23T14:00:00
ATM+10,2025-02-06,2,2,2025-02-06T10:00:00|2025-02-06T14:00:00
ATM+10,2025-02-13,2,2,2025-02-13T10:00:00|2025-02-13T14:00:00
ATM+10,2025-02-20,2,2,2025-02-20T10:00:00|2025-02-20T14:00:00
ATM+10,2025-03-06,2,2,2025-03-06T10:00:00|2025-03-06T14:00:00
ATM+10,2025-03-13,2,2,2025-03-13T10:00:00|2025-03-13T14:00:00
ATM+10,2025-04-03,2,1,2025-04-03T10:00:00|2025-04-03T14:00:00
ATM+10,2025-04-09,2,1,2025-04-09T10:00:00|2025-04-09T14:00:00
ATM+10,2025-05-08,2,2,2025-05-08T10:00:00|2025-05-08T14:00:00
ATM+10,2025-05-15,2,2,2025-05-15T10:00:00|2025-05-15T14:00:00
ATM+10,2025-06-05,2,1,2025-06-05T10:00:00|2025-06-05T14:00:00
ATM+10,2025-06-12,2,2,2025-06-12T10:00:00|2025-06-12T14:00:00
ATM+10,2025-07-03,2,2,2025-07-03T10:00:00|2025-07-03T14:00:00
ATM+10,2025-07-10,2,2,2025-07-10T10:00:00|2025-07-10T14:00:00
