target_expiry,status
2024-01-11,USABLE_OHLC
2024-01-18,USABLE_OHLC
2024-02-08,USABLE_OHLC
2024-02-15,USABLE_OHLC
2024-02-22,USABLE_OHLC
2024-03-14,USABLE_OHLC
2024-03-21,USABLE_OHLC
2024-04-10,USABLE_OHLC
2024-04-18,USABLE_OHLC
2024-05-09,USABLE_OHLC
2024-05-16,USABLE_OHLC
2024-05-23,USABLE_OHLC
2024-06-13,USABLE_OHLC
2024-06-20,USABLE_OHLC
2024-07-11,USABLE_OHLC
2024-07-18,USABLE_OHLC
2024-08-08,USABLE_OHLC
2024-08-14,USABLE_OHLC
2024-08-22,USABLE_OHLC
2024-09-12,USABLE_OHLC
2024-09-19,USABLE_OHLC
2024-10-10,USABLE_OHLC
2024-10-17,USABLE_OHLC
2024-10-24,USABLE_OHLC
2024-11-14,USABLE_OHLC
2024-11-21,USABLE_OHLC
2024-12-12,USABLE_OHLC
2024-12-19,USABLE_OHLC
2025-02-20,USABLE_OHLC
2025-03-13,USABLE_OHLC
2025-03-20,USABLE_OHLC
2025-04-09,USABLE_OHLC
2025-04-17,USABLE_OHLC
2025-04-24,USABLE_OHLC
2025-05-15,USABLE_OHLC
2025-05-22,USABLE_OHLC
2025-06-12,USABLE_OHLC
2025-06-19,USABLE_OHLC
2025-07-10,USABLE_OHLC
2025-07-17,USABLE_OHLC
2025-07-24,USABLE_OHLC
2025-08-14,USABLE_OHLC
2025-08-21,USABLE_OHLC
2025-09-09,USABLE_OHLC
2025-09-16,USABLE_OHLC
2025-09-23,USABLE_OHLC
2025-10-14,USABLE_OHLC
2025-11-11,USABLE_OHLC
2025-11-18,USABLE_OHLC
2025-12-09,USABLE_OHLC
2025-12-16,USABLE_OHLC
2025-12-23,USABLE_OHLC
2026-01-13,USABLE_OHLC
2026-01-20,USABLE_OHLC
2026-02-10,USABLE_OHLC
2026-02-17,USABLE_OHLC
2026-03-10,USABLE_OHLC
2026-03-17,USABLE_OHLC
2026-03-24,USABLE_OHLC
2026-04-13,USABLE_OHLC
2026-04-21,USABLE_OHLC
2026-05-12,USABLE_OHLC
2026-05-19,USABLE_OHLC
