metric,segment,n,mean_net_rupees,win_rate,annualized_weekly_sharpe
chronological,training,37,4888.313960056622,0.8378378378378378,6.822858688866613
chronological,validation,12,1412.9563742839503,0.75,1.4877706017258423
chronological,holdout,14,1566.044733743607,0.7857142857142857,2.021252494458445
frozen_cell,all,63,3503.857757470443,0.8095238095238095,4.41712693603292
regime,pre_2025-08-28,43,4275.109812276918,0.8372093023255814,5.66479913968424
regime,post_2025-08-28,20,1845.6658396365224,0.75,2.186158202564253
regime,lot_75,52,3969.051617708028,0.8076923076923077,5.070058799481881
regime,lot_65,11,1304.7595090745906,0.8181818181818182,1.6160796292010102
regime,low_target_error,21,3743.343828508453,0.8571428571428571,5.365442805012769
regime,mid_target_error,21,4183.49813522286,0.8095238095238095,5.687422921340645
regime,high_target_error,21,2584.7313086800195,0.7619047619047619,2.7317332329324686