target_expiry,entry_timestamp,lock_timestamp,exit_timestamp,k1,k2,k3,entry_spot,d,target_premium,k3_target_error,lot_size,stop_loss_points,exit_reason,gross_points,costs_points,net_points,gross_rupees,costs_rupees,net_rupees,orders,locked,data_quality,variant_id
2024-01-11,2024-01-05T10:00:00+05:30,2024-01-10T14:00:00+05:30,2024-01-11T15:30:00+05:30,21850.0,21950.0,22000.0,21741.15,31.0,31.0,0.0,75,50.0,expiry,-3.45,0.7642256643333334,-4.214225664333334,-258.75,57.316924825,-316.066924825,4,true,OHLC_RECONSTRUCTION,OTM3_NEXT2_K3M1
2024-01-18,2024-01-12T10:00:00+05:30,2024-01-17T14:00:00+05:30,2024-01-15T09:16:00,21900.0,22000.0,22050.0,21754.2,30.200000000000003,30.200000000000003,0.0264900662251657,75,50.0,stop_prelock,50.45,1.478495997,48.971504003,3783.75,110.887199775,3672.862800225,6,false,OHLC_RECONSTRUCTION,OTM3_NEXT2_K3M1
2024-02-08,2024-02-08T10:00:00,2024-02-08T14:00:00,2024-02-08T15:30:00+05:30,22100.0,22200.0,22250.0,21964.75,9.1,9.1,,75,50.0,expiry,-7.45,0.6471901163333331,-8.097190116333334,-558.75,48.53925872499998,-607.289258725,4,true,OHLC_RECONSTRUCTION,OTM3_NEXT2_K3M1
2024-02-15,2024-02-09T10:00:00+05:30,2024-02-14T14:00:00+05:30,2024-02-15T15:30:00+05:30,21800.0,21900.0,22100.0,21678.25,38.35000000000001,38.35000000000001,0.06518904823989549,75,50.0,expiry,101.3,0.8784699483333333,100.42153005166666,7597.5,65.885246125,7531.614753875,4,true,OHLC_RECONSTRUCTION,OTM3_NEXT2_K3M1
2024-02-22,2024-02-16T10:00:00+05:30,2024-02-21T14:00:00+05:30,2024-02-22T15:30:00+05:30,22150.0,22250.0,22400.0,22006.1,36.85000000000001,36.85000000000001,0.05834464043419282,75,50.0,expiry,24.500000000000725,0.8516918543333334,23.648308145667393,1837.5000000000543,63.876889075,1773.6231109250543,4,true,OHLC_RECONSTRUCTION,OTM3_NEXT2_K3M1
2024-03-14,2024-03-14T10:00:00,2024-03-14T14:00:00,2024-03-14T15:30:00+05:30,22150.0,22250.0,22300.0,22021.45,11.4,11.4,,75,50.0,expiry,-8.450000000000001,0.6574574363333333,-9.107457436333334,-633.7500000000001,49.309307725,-683.059307725,4,true,OHLC_RECONSTRUCTION,OTM3_NEXT2_K3M1
2024-03-21,2024-03-15T10:00:00+05:30,2024-03-20T14:00:00+05:30,2024-03-21T15:30:00+05:30,22100.0,22200.0,22350.0,21985.15,38.25,38.25,0.022222222222222258,75,50.0,expiry,-6.550000000000009,0.8398294583333334,-7.389829458333342,-491.2500000000006,62.987209375000006,-554.2372093750006,4,true,OHLC_RECONSTRUCTION,OTM3_NEXT2_K3M1
2024-04-10,2024-04-10T10:00:00,2024-04-10T14:00:00,2024-04-10T15:30:00+05:30,22850.0,22950.0,23000.0,22701.85,3.6500000000000004,3.6500000000000004,,75,50.0,expiry,-3.6,0.6365304533333334,-4.236530453333334,-270.0,47.739784,-317.739784,4,true,OHLC_RECONSTRUCTION,OTM3_NEXT2_K3M1
2024-04-18,2024-04-12T10:00:00+05:30,2024-04-16T14:00:00+05:30,2024-04-18T15:30:00+05:30,22800.0,22900.0,22950.0,22650.8,27.150000000000006,27.150000000000006,0.0773480662983427,75,50.0,expiry,-4.900000000000008,0.7405057513333333,-5.640505751333341,-367.5000000000006,55.537931349999994,-423.03793135000063,4,true,OHLC_RECONSTRUCTION,OTM3_NEXT2_K3M1
2024-05-09,2024-05-09T10:00:00,2024-05-09T14:00:00,2024-05-09T15:30:00+05:30,22350.0,22450.0,22500.0,22219.8,8.1,8.1,,75,50.0,expiry,-5.799999999999999,0.6491049453333334,-6.449104945333333,-434.99999999999994,48.682870900000005,-483.68287089999995,4,true,OHLC_RECONSTRUCTION,OTM3_NEXT2_K3M1
2024-05-16,2024-05-10T10:00:00+05:30,2024-05-15T14:00:00+05:30,2024-05-16T15:30:00+05:30,22250.0,22350.0,22500.0,22108.25,37.650000000000006,37.650000000000006,0.061088977423638696,75,50.0,expiry,136.39999999999856,0.8578082163333333,135.54219178366523,10229.99999999989,64.335616225,10165.66438377489,4,true,OHLC_RECONSTRUCTION,OTM3_NEXT2_K3M1
2024-05-23,2024-05-17T10:00:00+05:30,2024-05-22T14:00:00+05:30,2024-05-23T15:30:00+05:30,22550.0,22650.0,22750.0,22407.2,33.65,33.65,0.0267459138187221,75,50.0,expiry,149.55,0.8211652603333334,148.72883473966667,11216.25,61.587394525,11154.662605475,4,true,OHLC_RECONSTRUCTION,OTM3_NEXT2_K3M1
2024-06-13,2024-06-13T10:00:00,2024-06-13T14:00:00,2024-06-13T15:30:00+05:30,23550.0,23650.0,23700.0,23402.25,6.0,6.0,,75,50.0,expiry,-5.75,0.6402545583333332,-6.390254558333333,-431.25,48.019091874999994,-479.269091875,4,true,OHLC_RECONSTRUCTION,OTM3_NEXT2_K3M1
2024-06-20,2024-06-14T10:00:00+05:30,2024-06-19T14:00:00+05:30,2024-06-20T15:30:00+05:30,23550.0,23650.0,23700.0,23406.95,26.949999999999996,26.949999999999996,0.012987012987012778,75,50.0,expiry,-16.949999999999996,0.7648899223333333,-17.714889922333327,-1271.2499999999998,57.366744175,-1328.6167441749997,4,true,OHLC_RECONSTRUCTION,OTM3_NEXT2_K3M1
2024-07-11,2024-07-11T10:00:00,2024-07-11T14:00:00,2024-07-11T15:30:00+05:30,24450.0,24550.0,24600.0,24342.65,6.200000000000001,6.200000000000001,,75,50.0,expiry,-5.950000000000001,0.6405625303333333,-6.590562530333335,-446.25000000000006,48.042189775,-494.29218977500005,4,true,OHLC_RECONSTRUCTION,OTM3_NEXT2_K3M1
2024-07-18,2024-07-12T10:00:00+05:30,2024-07-16T14:00:00+05:30,2024-07-18T11:35:00,24500.0,24600.0,24650.0,24381.25,35.300000000000004,35.300000000000004,0.07223796033994345,75,50.0,stop_postlock,-157.55,1.240116149,-158.790116149,-11816.25,93.00871117499999,-11909.258711175,6,true,OHLC_RECONSTRUCTION,OTM3_NEXT2_K3M1
2024-08-08,2024-08-08T10:00:00,2024-08-08T14:00:00,2024-08-08T15:30:00+05:30,24350.0,24450.0,24500.0,24204.95,23.0,23.0,,75,50.0,expiry,-11.149999999999999,0.7001077503333333,-11.850107750333333,-836.2499999999999,52.508081274999995,-888.7580812749999,4,true,OHLC_RECONSTRUCTION,OTM3_NEXT2_K3M1
2024-08-14,2024-08-09T10:00:00+05:30,2024-08-13T14:00:00+05:30,2024-08-14T15:30:00+05:30,24500.0,24600.0,24700.0,24373.3,36.25000000000001,36.25000000000001,0.0896551724137929,75,50.0,expiry,-3.05,0.8202922763333333,-3.870292276333333,-228.75,61.521920725,-290.271920725,4,true,OHLC_RECONSTRUCTION,OTM3_NEXT2_K3M1
2024-08-22,2024-08-16T10:00:00+05:30,2024-08-21T14:00:00+05:30,2024-08-16T15:14:00,24400.0,24500.0,24600.0,24299.1,39.0,39.0,0.04230769230769227,75,50.0,stop_prelock,50.35000000000001,1.623940653,48.72605934700001,3776.2500000000005,121.795548975,3654.4544510250003,6,false,OHLC_RECONSTRUCTION,OTM3_NEXT2_K3M1
2024-09-12,2024-09-12T10:00:00,2024-09-12T14:00:00,2024-09-12T15:30:00+05:30,25100.0,25200.0,25250.0,24995.85,14.3,14.3,,75,50.0,expiry,135.75,0.6577530323333333,135.09224696766665,10181.25,49.331477424999996,10131.918522575,4,true,OHLC_RECONSTRUCTION,OTM3_NEXT2_K3M1
2024-09-19,2024-09-13T10:00:00+05:30,2024-09-18T14:00:00+05:30,2024-09-19T15:30:00+05:30,25450.0,25550.0,25650.0,25327.2,29.5,29.5,0.04915254237288133,75,50.0,expiry,-38.900000000000006,0.7913911033333334,-39.69139110333334,-2917.5000000000005,59.354332750000005,-2976.8543327500006,4,true,OHLC_RECONSTRUCTION,OTM3_NEXT2_K3M1
2024-10-10,2024-10-10T10:00:00,2024-10-10T14:00:00,2024-10-10T15:30:00+05:30,25200.0,25300.0,25350.0,25080.65,14.75,14.75,,75,50.0,expiry,-8.65,0.6701792304333333,-9.320179230433334,-648.75,50.263442282499994,-699.0134422825,4,true,OHLC_RECONSTRUCTION,OTM3_NEXT2_K3M1
2024-10-17,2024-10-11T10:00:00+05:30,2024-10-16T14:00:00+05:30,2024-10-17T15:30:00+05:30,25100.0,25200.0,25350.0,24992.3,39.45,39.45,0.008871989860583051,75,50.0,expiry,-14.700000000000008,0.8559687899333333,-15.555968789933342,-1102.5000000000007,64.197659245,-1166.6976592450008,4,true,OHLC_RECONSTRUCTION,OTM3_NEXT2_K3M1
2024-10-24,2024-10-18T10:00:00+05:30,2024-10-23T14:00:00+05:30,2024-10-24T15:30:00+05:30,24750.0,24850.0,25000.0,24645.45,41.05000000000001,41.05000000000001,0.031668696711327396,75,50.0,expiry,-4.900000000000017,0.8653054165333333,-5.765305416533351,-367.5000000000013,64.89790624,-432.3979062400013,4,true,OHLC_RECONSTRUCTION,OTM3_NEXT2_K3M1
2024-11-14,2024-11-14T10:00:00,2024-11-14T14:00:00,2024-11-14T15:30:00+05:30,23700.0,23800.0,23850.0,23597.2,14.000000000000002,14.000000000000002,,75,50.0,expiry,-7.500000000000004,0.6716256427333334,-8.171625642733337,-562.5000000000003,50.371923205,-612.8719232050004,4,true,OHLC_RECONSTRUCTION,OTM3_NEXT2_K3M1
2024-11-21,2024-11-18T10:00:00+05:30,2024-11-19T14:00:00+05:30,2024-11-19T10:28:00,23550.0,23650.0,23700.0,23405.85,29.799999999999997,29.799999999999997,0.09731543624161094,75,50.0,stop_prelock,56.050000000000026,1.5460629753000001,54.50393702470002,4203.750000000002,115.9547231475,4087.795276852502,6,false,OHLC_RECONSTRUCTION,OTM3_NEXT2_K3M1
2024-12-12,2024-12-12T10:00:00,2024-12-12T14:00:00,2024-12-12T15:30:00+05:30,24750.0,24850.0,25000.0,24635.1,5.65,5.65,,75,50.0,expiry,-2.5000000000000004,0.6583353515333333,-3.1583353515333337,-187.50000000000003,49.375151365,-236.87515136500002,4,true,OHLC_RECONSTRUCTION,OTM3_NEXT2_K3M1
2024-12-19,2024-12-13T10:00:00+05:30,2024-12-18T14:00:00+05:30,2024-12-13T13:01:00,24500.0,24600.0,24800.0,24382.45,35.69999999999999,35.69999999999999,0.014005602240895965,75,50.0,stop_prelock,59.69999999999999,1.7389793314,57.961020668599986,4477.499999999999,130.423449855,4347.076550144999,6,false,OHLC_RECONSTRUCTION,OTM3_NEXT2_K3M1
2025-02-20,2025-02-20T10:00:00,2025-02-20T14:00:00,2025-02-20T15:30:00+05:30,23000.0,23100.0,23150.0,22884.45,12.25,12.25,,75,50.0,expiry,-8.4,0.6617412593333334,-9.061741259333333,-630.0,49.630594450000004,-679.63059445,4,true,OHLC_RECONSTRUCTION,OTM3_NEXT2_K3M1
2025-03-13,2025-03-13T10:00:00,2025-03-13T14:00:00,2025-03-13T15:30:00+05:30,22650.0,22750.0,22800.0,22529.2,5.3,5.3,,75,50.0,expiry,-4.8,0.6397272357333332,-5.439727235733333,-360.0,47.979542679999994,-407.97954268,4,true,OHLC_RECONSTRUCTION,OTM3_NEXT2_K3M1
2025-03-20,2025-03-17T10:00:00+05:30,2025-03-19T14:00:00+05:30,2025-03-18T15:11:00,22650.0,22750.0,22800.0,22546.3,34.05,34.05,0.14096916299559464,75,50.0,stop_prelock,36.750000000000014,1.5373840711,35.212615928900014,2756.250000000001,115.3038053325,2640.946194667501,6,false,OHLC_RECONSTRUCTION,OTM3_NEXT2_K3M1
2025-04-09,2025-04-09T10:00:00,2025-04-09T14:00:00,2025-04-09T15:30:00+05:30,22500.0,22600.0,22700.0,22387.15,13.650000000000002,13.650000000000002,,75,50.0,expiry,-2.5999999999999988,0.6930849963333333,-3.293084996333332,-194.99999999999991,51.981374725,-246.9813747249999,4,true,OHLC_RECONSTRUCTION,OTM3_NEXT2_K3M1
2025-04-17,2025-04-11T10:00:00+05:30,2025-04-16T14:00:00+05:30,2025-04-17T15:30:00+05:30,22950.0,23050.0,23500.0,22827.2,46.44999999999999,46.44999999999999,0.060279870828848024,75,50.0,expiry,219.0,1.1567164969333332,217.84328350306666,16425.0,86.75373726999999,16338.24626273,4,true,OHLC_RECONSTRUCTION,OTM3_NEXT2_K3M1
2025-04-24,2025-04-21T10:00:00+05:30,2025-04-23T14:00:00+05:30,2025-04-24T15:30:00+05:30,24150.0,24250.0,24450.0,24031.35,32.75,32.75,0.02748091603053431,75,50.0,expiry,0.10000000000071907,0.8718120695333335,-0.7718120695326144,7.50000000005393,65.38590521500001,-57.88590521494608,4,true,OHLC_RECONSTRUCTION,OTM3_NEXT2_K3M1
2025-05-15,2025-05-15T10:00:00,2025-05-15T14:00:00,2025-05-15T13:17:00,24700.0,24800.0,24850.0,24560.7,16.6,16.6,,75,50.0,stop_prelock,18.25,1.4185520904999998,16.8314479095,1368.75,106.39140678749999,1262.3585932125,6,false,OHLC_RECONSTRUCTION,OTM3_NEXT2_K3M1
2025-05-22,2025-05-16T10:00:00+05:30,2025-05-21T14:00:00+05:30,2025-05-22T15:30:00+05:30,25100.0,25200.0,25500.0,24991.55,36.400000000000006,36.400000000000006,0.024725274725274488,75,50.0,expiry,-16.850000000000023,0.8945416698333334,-17.744541669833357,-1263.7500000000018,67.0906252375,-1330.8406252375019,4,true,OHLC_RECONSTRUCTION,OTM3_NEXT2_K3M1
2025-06-12,2025-06-12T10:00:00,2025-06-12T14:00:00,2025-06-12T15:30:00+05:30,25200.0,25300.0,25350.0,25093.2,12.049999999999999,12.049999999999999,,75,50.0,expiry,-8.549999999999997,0.6613411074333332,-9.21134110743333,-641.2499999999998,49.60058305749999,-690.8505830574998,4,true,OHLC_RECONSTRUCTION,OTM3_NEXT2_K3M1
2025-06-19,2025-06-13T10:00:00+05:30,2025-06-18T14:00:00+05:30,2025-06-19T15:30:00+05:30,24750.0,24850.0,25100.0,24641.2,39.19999999999999,39.19999999999999,0.015306122448979814,75,50.0,expiry,-12.749999999999979,0.9156372667333333,-13.665637266733311,-956.2499999999984,68.672795005,-1024.9227950049983,4,true,OHLC_RECONSTRUCTION,OTM3_NEXT2_K3M1
2025-07-10,2025-07-10T10:00:00,2025-07-10T14:00:00,2025-07-10T15:30:00+05:30,25550.0,25650.0,25700.0,25427.0,8.65,8.65,,75,50.0,expiry,-7.150000000000001,0.6488304880333334,-7.798830488033334,-536.2500000000001,48.662286602500004,-584.9122866025001,4,true,OHLC_RECONSTRUCTION,OTM3_NEXT2_K3M1
2025-07-17,2025-07-11T10:00:00+05:30,2025-07-16T14:00:00+05:30,2025-07-17T15:30:00+05:30,25400.0,25500.0,25600.0,25287.05,31.999999999999993,31.999999999999993,0.0015625000000001337,75,50.0,expiry,-7.549999999999988,0.7906353692333333,-8.340635369233322,-566.2499999999991,59.2976526925,-625.5476526924991,4,true,OHLC_RECONSTRUCTION,OTM3_NEXT2_K3M1
2025-07-24,2025-07-18T10:00:00+05:30,2025-07-23T14:00:00+05:30,2025-07-24T15:30:00+05:30,25150.0,25250.0,25350.0,25040.3,34.9,34.9,0.024355300859598895,75,50.0,expiry,-36.74999999999999,0.8154809670333334,-37.565480967033324,-2756.2499999999995,61.161072527500004,-2817.4110725274995,4,true,OHLC_RECONSTRUCTION,OTM3_NEXT2_K3M1
2025-08-14,2025-08-14T10:00:00,2025-08-14T14:00:00,2025-08-14T15:30:00+05:30,24750.0,24850.0,24900.0,24633.45,8.6,8.6,,75,50.0,expiry,-8.2,0.6441585567333334,-8.844158556733333,-615.0,48.311891755000005,-663.311891755,4,true,OHLC_RECONSTRUCTION,OTM3_NEXT2_K3M1
2025-08-21,2025-08-18T10:00:00+05:30,2025-08-20T14:00:00+05:30,2025-08-21T15:30:00+05:30,25150.0,25250.0,25350.0,25000.8,30.450000000000003,30.450000000000003,0.004926108374384306,75,50.0,expiry,-10.300000000000006,0.7859808285333333,-11.085980828533339,-772.5000000000005,58.94856213999999,-831.4485621400005,4,true,OHLC_RECONSTRUCTION,OTM3_NEXT2_K3M1
2025-09-09,2025-09-09T10:00:00,2025-09-09T14:00:00,2025-09-09T15:30:00+05:30,24950.0,25050.0,25100.0,24848.5,8.3,8.3,,75,50.0,expiry,-7.65,0.6448462520333333,-8.294846252033334,-573.75,48.3634689025,-622.1134689025,4,true,OHLC_RECONSTRUCTION,OTM3_NEXT2_K3M1
2025-09-16,2025-09-10T10:00:00+05:30,2025-09-15T14:00:00+05:30,2025-09-16T15:30:00+05:30,25150.0,25250.0,25300.0,25000.45,29.299999999999997,29.299999999999997,0.06655290102389089,75,50.0,expiry,81.69999999999855,0.7679303013333334,80.93206969866522,6127.499999999892,57.594772600000006,6069.905227399891,4,true,OHLC_RECONSTRUCTION,OTM3_NEXT2_K3M1
2025-09-23,2025-09-17T10:00:00+05:30,2025-09-22T14:00:00+05:30,2025-09-23T15:30:00+05:30,25450.0,25550.0,25600.0,25320.35,31.35,31.35,0.05582137161084529,75,50.0,expiry,-6.9,0.7623731105333336,-7.662373110533334,-517.5,57.177983290000014,-574.67798329,4,true,OHLC_RECONSTRUCTION,OTM3_NEXT2_K3M1
2025-10-14,2025-10-14T10:00:00,2025-10-14T14:00:00,2025-10-14T15:30:00+05:30,25350.0,25450.0,25500.0,25206.1,9.2,9.2,,75,50.0,expiry,-7.999999999999999,0.6451909907333334,-8.645190990733333,-599.9999999999999,48.389324305,-648.389324305,4,true,OHLC_RECONSTRUCTION,OTM3_NEXT2_K3M1
2025-11-11,2025-11-11T10:00:00,2025-11-11T14:00:00,2025-11-11T15:30:00+05:30,25650.0,25750.0,25800.0,25517.85,8.4,8.4,,75,50.0,expiry,36.000000000000725,0.6444963822333333,35.35550361776739,2700.0000000000546,48.3372286675,2651.6627713325547,4,true,OHLC_RECONSTRUCTION,OTM3_NEXT2_K3M1
2025-11-18,2025-11-12T10:00:00+05:30,2025-11-17T14:00:00+05:30,2025-11-18T15:30:00+05:30,26000.0,26100.0,26200.0,25859.4,34.150000000000006,34.150000000000006,0.010248901903367745,75,50.0,expiry,-34.50000000000001,0.8128772527333333,-35.312877252733344,-2587.5000000000005,60.965793955,-2648.4657939550007,4,true,OHLC_RECONSTRUCTION,OTM3_NEXT2_K3M1
2025-12-09,2025-12-09T10:00:00,2025-12-09T14:00:00,2025-12-09T15:30:00+05:30,25850.0,25950.0,26000.0,25733.6,11.95,11.95,,75,50.0,expiry,-17.200000000000003,0.6601860179333333,-17.860186017933337,-1290.0000000000002,49.513951345,-1339.5139513450001,4,true,OHLC_RECONSTRUCTION,OTM3_NEXT2_K3M1
2025-12-16,2025-12-10T10:00:00+05:30,2025-12-15T14:00:00+05:30,2025-12-16T15:30:00+05:30,26000.0,26100.0,26200.0,25878.25,34.60000000000001,34.60000000000001,0.06069364161849734,75,50.0,expiry,-32.45000000000001,0.8063412590333333,-33.25634125903334,-2433.750000000001,60.4755944275,-2494.2255944275007,4,true,OHLC_RECONSTRUCTION,OTM3_NEXT2_K3M1
2025-12-23,2025-12-17T10:00:00+05:30,2025-12-22T14:00:00+05:30,2025-12-23T15:30:00+05:30,26000.0,26100.0,26150.0,25868.35,31.799999999999997,31.799999999999997,0.0974842767295598,75,50.0,expiry,73.85000000000001,0.8140516696333334,73.03594833036668,5538.750000000001,61.053875222500004,5477.696124777501,4,true,OHLC_RECONSTRUCTION,OTM3_NEXT2_K3M1
2026-01-13,2026-01-07T10:00:00+05:30,2026-01-12T14:00:00+05:30,2026-01-13T15:30:00+05:30,26250.0,26350.0,26400.0,26138.95,31.250000000000007,31.250000000000007,0.1600000000000002,65,50.0,expiry,-8.200000000000006,0.8461218511538461,-9.046121851153853,-533.0000000000005,54.997920324999996,-587.9979203250005,4,true,OHLC_RECONSTRUCTION,OTM3_NEXT2_K3M1
2026-01-20,2026-01-14T10:00:00+05:30,2026-01-19T14:00:00+05:30,2026-01-20T15:30:00+05:30,25850.0,25950.0,26050.0,25729.6,33.199999999999996,33.199999999999996,0.07981927710843392,65,50.0,expiry,-3.149999999999994,0.9029665882538461,-4.05296658825384,-204.74999999999963,58.6928282365,-263.4428282364996,4,true,OHLC_RECONSTRUCTION,OTM3_NEXT2_K3M1
2026-02-10,2026-02-04T10:00:00+05:30,2026-02-09T14:00:00+05:30,2026-02-10T15:30:00+05:30,25900.0,26000.0,26250.0,25779.55,35.69999999999999,35.69999999999999,0.009803921568627694,65,50.0,expiry,11.950000000001463,0.969901154553846,10.980098845447618,776.750000000095,63.04357504599999,713.706424954095,4,true,OHLC_RECONSTRUCTION,OTM3_NEXT2_K3M1
2026-02-17,2026-02-11T10:00:00+05:30,2026-02-16T14:00:00+05:30,2026-02-17T15:30:00+05:30,26050.0,26150.0,26250.0,25943.2,36.3,36.3,0.08677685950413219,65,50.0,expiry,-8.84999999999999,0.8959926352538461,-9.745992635253836,-575.2499999999994,58.2395212915,-633.4895212914994,4,true,OHLC_RECONSTRUCTION,OTM3_NEXT2_K3M1
2026-03-10,2026-03-04T10:00:00+05:30,2026-03-09T14:00:00+05:30,2026-03-06T09:16:00,24450.0,24550.0,25150.0,24325.8,48.30000000000001,48.30000000000001,0.02070393374741171,65,50.0,stop_prelock,-27.949999999999996,2.1287791719307694,-30.078779171930766,-1816.7499999999998,138.3706461755,-1955.1206461754998,6,false,OHLC_RECONSTRUCTION,OTM3_NEXT2_K3M1
2026-03-17,2026-03-11T10:00:00+05:30,2026-03-16T14:00:00+05:30,2026-03-17T15:30:00+05:30,24300.0,24400.0,24850.0,24154.6,43.39999999999998,43.39999999999998,0.0299539170506907,65,50.0,expiry,-5.049999999999983,1.0991410320538462,-6.149141032053829,-328.24999999999886,71.4441670835,-399.6941670834989,4,true,OHLC_RECONSTRUCTION,OTM3_NEXT2_K3M1
2026-03-24,2026-03-18T10:00:00+05:30,2026-03-23T14:00:00+05:30,2026-03-24T15:30:00+05:30,23800.0,23900.0,24250.0,23691.15,41.10000000000001,41.10000000000001,0.008515815085158357,65,50.0,expiry,-5.800000000000023,1.042510926953846,-6.842510926953869,-377.0000000000015,67.763210252,-444.7632102520015,4,true,OHLC_RECONSTRUCTION,OTM3_NEXT2_K3M1
2026-04-13,2026-04-08T10:00:00+05:30,2026-04-10T14:00:00+05:30,2026-04-13T09:16:00,24000.0,24100.0,24550.0,23898.8,40.849999999999994,40.849999999999994,0.036719706242349895,65,50.0,stop_postlock,-124.75,1.5829473867307693,-126.33294738673077,-8108.75,102.8915801375,-8211.6415801375,6,true,OHLC_RECONSTRUCTION,OTM3_NEXT2_K3M1
2026-04-21,2026-04-15T10:00:00+05:30,2026-04-20T14:00:00+05:30,2026-04-21T15:30:00+05:30,24350.0,24450.0,24750.0,24216.8,42.099999999999994,42.099999999999994,0.05463182897862243,65,50.0,expiry,130.59999999999854,1.1722059833538463,129.4277940166447,8488.999999999905,76.19338891800001,8412.806611081905,4,true,OHLC_RECONSTRUCTION,OTM3_NEXT2_K3M1
2026-05-12,2026-05-06T10:00:00+05:30,2026-05-11T14:00:00+05:30,2026-05-12T15:30:00+05:30,24250.0,24350.0,24650.0,24140.6,42.64999999999999,42.64999999999999,0.008206330597890003,65,50.0,expiry,-14.449999999999978,1.1257525318538462,-15.575752531853825,-939.2499999999985,73.1739145705,-1012.4239145704985,4,true,OHLC_RECONSTRUCTION,OTM3_NEXT2_K3M1
2026-05-19,2026-05-13T10:00:00+05:30,2026-05-18T14:00:00+05:30,2026-05-19T15:30:00+05:30,23500.0,23600.0,24050.0,23371.15,41.349999999999994,41.349999999999994,0.05804111245465553,65,50.0,expiry,-22.799999999999983,1.258414100353846,-24.05841410035383,-1481.9999999999989,81.796916523,-1563.7969165229988,4,true,OHLC_RECONSTRUCTION,OTM3_NEXT2_K3M1
