variant_id,n,total_net_rupees,mean_net_rupees,median_net_rupees,win_rate,max_drawdown_rupees,expected_shortfall_95_rupees,annualized_weekly_sharpe,mean_cost_rupees,raw_bootstrap_p,holm_adjusted_p
ATM_NEAREST_MIRROR_GAP_K3M0.5,6,-82281.10069032454,-13713.516781720757,-3257.793817891727,0.0,-79650.13615628559,-66255.980874046,-3.831401544914744,104.14178172074999,,
ATM_NEAREST_MIRROR_GAP_K3M1,6,-5165.4407513070455,-860.9067918845076,-1202.7526686144768,0.16666666666666666,-5513.1692948725,-4801.182259316999,-1.7702575426246954,104.74012521783332,,
ATM_NEAREST_MIRROR_GAP_K3M1.5,6,9049.16445052405,1508.1940750873416,-279.90334990172624,0.5,-3514.143426107001,-3514.143426107001,2.0789770747227276,117.88925824600001,,
ATM_NEAREST_MIRROR_GAP_K3M2,6,26221.67308663155,4370.278847771925,3553.9447402620012,0.6666666666666666,-1245.5584456805009,-1245.5584456804993,5.459694618219858,129.34615222808335,,
ATM_NEAREST_MIRROR_GAP_K3M2.5,6,32213.173924442493,5368.862320740415,6822.025013073999,0.8333333333333334,-450.8375912529991,-450.8375912529994,9.656637335220656,137.17934592625,,
ATM_NEAREST_MIRROR_GAP_K3M3,6,45141.219059947995,7523.536509991332,9869.150457723,1.0,0.0,512.5587098285022,10.944507532502817,141.04682334199998,,
ATM_NEAREST_MIRROR_GAP_K3M4,6,54566.978000013005,9094.4963333355,11178.360445136252,1.0,0.0,1638.142940385,12.88561633908872,135.5036666645,,
ATM_NEAREST_NEXT1_K3M0.5,6,-82281.10069032454,-13713.516781720757,-3257.793817891727,0.0,-79650.13615628559,-66255.980874046,-3.831401544914744,104.14178172074999,,
ATM_NEAREST_NEXT1_K3M1,6,-5165.4407513070455,-860.9067918845076,-1202.7526686144768,0.16666666666666666,-5513.1692948725,-4801.182259316999,-1.7702575426246954,104.74012521783332,,
ATM_NEAREST_NEXT1_K3M1.5,6,9049.16445052405,1508.1940750873416,-279.90334990172624,0.5,-3514.143426107001,-3514.143426107001,2.0789770747227276,117.88925824600001,,
ATM_NEAREST_NEXT1_K3M2,6,26221.67308663155,4370.278847771925,3553.9447402620012,0.6666666666666666,-1245.5584456805009,-1245.5584456804993,5.459694618219858,129.34615222808335,,
ATM_NEAREST_NEXT1_K3M2.5,6,32213.173924442493,5368.862320740415,6822.025013073999,0.8333333333333334,-450.8375912529991,-450.8375912529994,9.656637335220656,137.17934592625,,
ATM_NEAREST_NEXT1_K3M3,6,45141.219059947995,7523.536509991332,9869.150457723,1.0,0.0,512.5587098285022,10.944507532502817,141.04682334199998,,
ATM_NEAREST_NEXT1_K3M4,6,54566.978000013005,9094.4963333355,11178.360445136252,1.0,0.0,1638.142940385,12.88561633908872,135.5036666645,,
ATM_NEAREST_NEXT2_K3M0.5,6,-11959.313325372048,-1993.218887562008,-1502.404981226,0.16666666666666666,-11137.850190870096,-5916.7667944859995,-5.979371821777697,104.968887562,,
ATM_NEAREST_NEXT2_K3M1,6,14548.391920617547,2424.731986769591,1899.2624889490241,0.6666666666666666,-1694.437506160999,-1694.4375061609987,4.377879482059152,127.05967989708334,,
ATM_NEAREST_NEXT2_K3M1.5,6,24401.0209003385,4066.8368167230833,5603.600204752501,0.8333333333333334,-899.716651733499,-899.7166517334987,9.002115454268155,138.12151661025,,
ATM_NEAREST_NEXT2_K3M2,6,42686.45795513251,7114.409659188751,8932.097599358001,1.0,0.0,63.67964934800102,11.110100489652382,139.04867414458334,,
ATM_NEAREST_NEXT2_K3M2.5,6,57265.79618358751,9544.299363931252,12591.446637482,1.0,0.0,63.67964934800102,10.690155796277148,139.07563606875001,,
ATM_NEAREST_NEXT2_K3M3,6,61905.6630264195,10317.61050440325,12591.446637482,1.0,0.0,63.67964934800102,10.29116421134988,139.26449559675,,
ATM_NEAREST_NEXT2_K3M4,6,67203.44408406001,11200.574014010002,12591.446637482,1.0,0.0,63.67964934800102,9.57055717320788,139.75931932333333,,
ATM_NEAREST_NEXT3_K3M0.5,6,-9373.707005907045,-1562.2845009845075,-1959.3022814749993,0.3333333333333333,-9955.797717352594,-5866.318003671501,-3.4870648438294203,103.03450098449999,,
ATM_NEAREST_NEXT3_K3M1,6,19072.31424727505,3178.7190412125087,2870.0313351007508,0.6666666666666666,-1417.2771310265016,-1417.2771310265,4.920824521828578,126.53095878750001,,
ATM_NEAREST_NEXT3_K3M1.5,6,30090.831831844498,5015.138638640749,6448.613906960499,0.8333333333333334,-1417.2771310265016,-1417.2771310265,7.945186631151596,136.65302802591668,,
ATM_NEAREST_NEXT3_K3M2,6,36771.81739713749,6128.636232856249,6593.803129788499,0.8333333333333334,-1417.2771310265016,-1417.2771310265,7.521782204255066,135.73876714375,,
ATM_NEAREST_NEXT3_K3M2.5,6,39707.264018114496,6617.877336352416,6593.803129788499,0.8333333333333334,-1417.2771310265016,-1417.2771310265,7.135462057433826,136.16433031425,,
ATM_NEAREST_NEXT3_K3M3,6,39707.264018114496,6617.877336352416,6593.803129788499,0.8333333333333334,-1417.2771310265016,-1417.2771310265,7.135462057433826,136.16433031425,,
ATM_NEAREST_NEXT3_K3M4,6,39707.264018114496,6617.877336352416,6593.803129788499,0.8333333333333334,-1417.2771310265016,-1417.2771310265,7.135462057433826,136.16433031425,,
ATM_UP_MIRROR_GAP_K3M0.5,6,-73837.29129312106,-12306.215215520177,-2950.4025588929753,0.0,-70512.8868021646,-60266.04181164,-3.7718632919536392,95.96521552016668,,
ATM_UP_MIRROR_GAP_K3M1,6,-5211.254700392048,-868.5424500653413,-1423.6182471065003,0.16666666666666666,-3748.4475067394997,-3036.4604711839993,-2.4944963951893966,96.12578339866667,,
ATM_UP_MIRROR_GAP_K3M1.5,6,7439.952003121547,1239.9920005202578,-641.8724270370002,0.5,-2368.246201747,-2368.246201747,2.0981619909510703,109.29966614641667,,
ATM_UP_MIRROR_GAP_K3M2,6,23651.12301263705,3941.853835439508,3652.1042940790007,0.6666666666666666,-847.4772986259995,-847.4772986259995,5.70553121843887,123.8961645605,,
ATM_UP_MIRROR_GAP_K3M2.5,6,26347.565447115052,4391.260907852508,4457.76276535575,0.6666666666666666,-182.50678777850044,-252.56510669995234,6.937772271575956,118.65575881416665,,
ATM_UP_MIRROR_GAP_K3M3,6,45771.39618701451,7628.566031169084,9963.628304322503,1.0,0.0,612.2140666490004,11.033609863863987,135.14230216424997,,
ATM_UP_MIRROR_GAP_K3M4,6,52869.7576948625,8811.626282477084,10884.990271881,1.0,0.0,1575.6103677305,13.131444562850671,129.66538418958334,,
ATM_UP_NEXT1_K3M0.5,6,-73837.29129312106,-12306.215215520177,-2950.4025588929753,0.0,-70512.8868021646,-60266.04181164,-3.7718632919536392,95.96521552016668,,
ATM_UP_NEXT1_K3M1,6,-5211.254700392048,-868.5424500653413,-1423.6182471065003,0.16666666666666666,-3748.4475067394997,-3036.4604711839993,-2.4944963951893966,96.12578339866667,,
ATM_UP_NEXT1_K3M1.5,6,7439.952003121547,1239.9920005202578,-641.8724270370002,0.5,-2368.246201747,-2368.246201747,2.0981619909510703,109.29966614641667,,
ATM_UP_NEXT1_K3M2,6,23651.12301263705,3941.853835439508,3652.1042940790007,0.6666666666666666,-847.4772986259995,-847.4772986259995,5.70553121843887,123.8961645605,,
ATM_UP_NEXT1_K3M2.5,6,26347.565447115052,4391.260907852508,4457.76276535575,0.6666666666666666,-182.50678777850044,-252.56510669995234,6.937772271575956,118.65575881416665,,
ATM_UP_NEXT1_K3M3,6,45771.39618701451,7628.566031169084,9963.628304322503,1.0,0.0,612.2140666490004,11.033609863863987,135.14230216424997,,
ATM_UP_NEXT1_K3M4,6,52869.7576948625,8811.626282477084,10884.990271881,1.0,0.0,1575.6103677305,13.131444562850671,129.66538418958334,,
ATM_UP_NEXT2_K3M0.5,6,-10535.084724539549,-1755.847454089925,-1862.8727301374763,0.16666666666666666,-8760.203216058097,-4403.093521946,-6.910223467744717,96.72245408991667,,
ATM_UP_NEXT2_K3M1,6,5602.823573862045,933.8039289770076,-309.112365766976,0.3333333333333333,-3123.619358132502,-2528.6464967500015,1.9676694303111153,108.36273768966664,,
ATM_UP_NEXT2_K3M1.5,6,31014.087496649994,5169.014582774999,4967.6488440065,1.0,0.0,94.6535873559991,7.909476750298368,139.31875055833333,,
ATM_UP_NEXT2_K3M2,6,44370.6043963955,7395.100732732583,9518.05405211175,1.0,0.0,94.6535873559991,11.176533942465387,133.5242672674167,,
ATM_UP_NEXT2_K3M2.5,6,49429.433683147,8238.238947191167,11416.6572194135,1.0,0.0,94.6535873559991,11.118558527621625,131.59438614216666,,
ATM_UP_NEXT2_K3M3,6,58938.699721419005,9823.1166202365,11513.243559832252,1.0,0.0,94.6535873559991,10.183770983006447,133.80004643016665,,
ATM_UP_NEXT2_K3M4,6,61553.15769521551,10258.85961586925,11513.243559832252,1.0,0.0,94.6535873559991,9.750617451139426,134.09871746408336,,
ATM_UP_NEXT3_K3M0.5,6,-8005.836052505047,-1334.306008750841,-1802.5716309147492,0.16666666666666666,-8312.426572600498,-4707.283310770999,-3.442833033249193,94.9726754175,,
ATM_UP_NEXT3_K3M1,6,9602.826704947047,1600.4711174911745,757.494934673524,0.5,-2444.0865168009996,-2099.044878551,2.917910389758031,107.9455491755,,
ATM_UP_NEXT3_K3M1.5,6,35620.6660160305,5936.777669338416,6105.334649096749,0.8333333333333334,-1253.7791154299994,-1253.7791154300005,6.824814495283321,138.01399732825,,
ATM_UP_NEXT3_K3M2,6,40324.207184791994,6720.701197465332,6816.709824142999,0.8333333333333334,-1253.7791154299994,-1253.7791154300005,7.282206547784633,135.71546920133332,,
ATM_UP_NEXT3_K3M2.5,6,43630.7978051315,7271.799634188584,6816.709824142999,0.8333333333333334,-1253.7791154299994,-1253.7791154300005,7.290756380574367,136.57536581141667,,
ATM_UP_NEXT3_K3M3,6,43630.7978051315,7271.799634188584,6816.709824142999,0.8333333333333334,-1253.7791154299994,-1253.7791154300005,7.290756380574367,136.57536581141667,,
ATM_UP_NEXT3_K3M4,6,43630.7978051315,7271.799634188584,6816.709824142999,0.8333333333333334,-1253.7791154299994,-1253.7791154300005,7.290756380574367,136.57536581141667,,
ITM1_MIRROR_GAP_K3M0.5,6,-82631.38853555004,-13771.89808925834,-3257.793817891727,0.0,-80000.42400151108,-66255.980874046,-3.8526478953256666,105.64808925833331,,
ITM1_MIRROR_GAP_K3M1,6,-5149.18387591904,-858.1973126531733,-1201.328785810023,0.16666666666666666,-5439.610952521498,-4801.182259316999,-1.764591438757197,106.36397931983333,,
ITM1_MIRROR_GAP_K3M1.5,6,9558.179244467548,1593.0298740779247,-426.39653903297636,0.3333333333333333,-3711.4209511395006,-3514.143426107001,2.149683835771525,121.34512592208334,,
ITM1_MIRROR_GAP_K3M2,6,26040.837205321055,4340.139534220176,3561.686353423752,0.6666666666666666,-1245.5584456805009,-1245.5584456804993,5.50243950818682,131.86046577983333,,
ITM1_MIRROR_GAP_K3M2.5,6,32123.148951138002,5353.858158523,6822.025013073999,0.8333333333333334,-450.8375912529991,-450.8375912529994,10.137235939410763,139.72517481033333,,
ITM1_MIRROR_GAP_K3M3,6,50137.667835683504,8356.277972613918,9869.150457723,1.0,0.0,512.5587098285022,14.703706426295136,153.8470273860833,,
ITM1_MIRROR_GAP_K3M4,6,59255.980844142505,9875.996807357084,12507.116988718251,1.0,0.0,1638.142940385,12.525324062565637,139.96152597625,,
ITM1_NEXT1_K3M0.5,6,-82631.38853555004,-13771.89808925834,-3257.793817891727,0.0,-80000.42400151108,-66255.980874046,-3.8526478953256666,105.64808925833331,,
ITM1_NEXT1_K3M1,6,-5149.18387591904,-858.1973126531733,-1201.328785810023,0.16666666666666666,-5439.610952521498,-4801.182259316999,-1.764591438757197,106.36397931983333,,
ITM1_NEXT1_K3M1.5,6,9558.179244467548,1593.0298740779247,-426.39653903297636,0.3333333333333333,-3711.4209511395006,-3514.143426107001,2.149683835771525,121.34512592208334,,
ITM1_NEXT1_K3M2,6,26040.837205321055,4340.139534220176,3561.686353423752,0.6666666666666666,-1245.5584456805009,-1245.5584456804993,5.50243950818682,131.86046577983333,,
ITM1_NEXT1_K3M2.5,6,32123.148951138002,5353.858158523,6822.025013073999,0.8333333333333334,-450.8375912529991,-450.8375912529994,10.137235939410763,139.72517481033333,,
ITM1_NEXT1_K3M3,6,50137.667835683504,8356.277972613918,9869.150457723,1.0,0.0,512.5587098285022,14.703706426295136,153.8470273860833,,
ITM1_NEXT1_K3M4,6,59255.980844142505,9875.996807357084,12507.116988718251,1.0,0.0,1638.142940385,12.525324062565637,139.96152597625,,
ITM1_NEXT2_K3M0.5,6,-12672.971480510545,-2112.1619134184243,-1729.9728717922494,0.16666666666666666,-11851.508346008593,-5916.7667944859995,-6.500743237650127,106.37024675175,,
ITM1_NEXT2_K3M1,6,14260.067421895552,2376.6779036492585,1899.2624889490241,0.6666666666666666,-1694.437506160999,-1694.4375061609987,4.350875870280106,129.61376301741666,,
ITM1_NEXT2_K3M1.5,6,29807.498395304,4967.9163992173335,6137.605072847249,0.8333333333333334,-899.716651733499,-899.7166517334987,11.53936421602713,150.83360078266665,,
ITM1_NEXT2_K3M2,6,41720.333540767,6953.388923461167,8932.097599358001,1.0,0.0,63.67964934800102,10.886759561943705,141.36107653883334,,
ITM1_NEXT2_K3M2.5,6,61379.9090767895,10229.984846131583,13820.38846054225,1.0,0.0,63.67964934800102,11.105450996835607,142.39015386841666,,
ITM1_NEXT2_K3M3,6,66019.7759196215,11003.295986603584,14254.891204759999,1.0,0.0,63.67964934800102,10.830780473761099,142.57901339641668,,
ITM1_NEXT2_K3M4,6,71317.55697726201,11886.259496210334,14254.891204759999,1.0,0.0,63.67964934800102,10.160087355382771,143.073837123,,
ITM1_NEXT3_K3M0.5,6,-9516.71500711445,-1586.1191678524083,-1998.6936472452498,0.3333333333333333,-10098.80571856,-5866.318003671501,-3.5549729540161255,104.66083451908332,,
ITM1_NEXT3_K3M1,6,19788.275786477054,3298.0459644128423,3171.4269933910255,0.6666666666666666,-1417.2771310265016,-1417.2771310265,5.011214481562134,128.5373689205,,
ITM1_NEXT3_K3M1.5,6,32694.4570309545,5449.07617182575,7491.3920820517515,0.8333333333333334,-1417.2771310265016,-1417.2771310265,8.713765574952319,139.29882817425002,,
ITM1_NEXT3_K3M2,6,39375.44259624751,6562.5737660412515,7636.581304879752,0.8333333333333334,-1417.2771310265016,-1417.2771310265,8.240706520155912,138.38456729208335,,
ITM1_NEXT3_K3M2.5,6,42310.8892172245,7051.8148695374175,7636.581304879752,0.8333333333333334,-1417.2771310265016,-1417.2771310265,7.784083217803494,138.81013046258334,,
ITM1_NEXT3_K3M3,6,42310.8892172245,7051.8148695374175,7636.581304879752,0.8333333333333334,-1417.2771310265016,-1417.2771310265,7.784083217803494,138.81013046258334,,
ITM1_NEXT3_K3M4,6,42310.8892172245,7051.8148695374175,7636.581304879752,0.8333333333333334,-1417.2771310265016,-1417.2771310265,7.784083217803494,138.81013046258334,,
ITM2_MIRROR_GAP_K3M0.5,6,-91235.59076279405,-15205.931793799007,-4226.5418243842505,0.16666666666666666,-89372.4722948851,-72447.0425874215,-3.881860700382646,111.84846046566668,,
ITM2_MIRROR_GAP_K3M1,6,-6940.70756581995,-1156.784594303325,-946.4344103339756,0.3333333333333333,-8675.395474478497,-7834.705474344498,-1.741499454510696,130.86792763666665,,
ITM2_MIRROR_GAP_K3M1.5,6,20363.50099400804,3393.9168323346735,2880.182648860252,0.6666666666666666,-3182.1828558880006,-3182.182855888,4.789060742644152,138.83316766533332,,
ITM2_MIRROR_GAP_K3M2,6,41708.65132661949,6951.4418877699145,6284.256096450748,0.8333333333333334,-2517.212345040498,-2517.2123450405,7.680016135420001,159.01644556341668,,
ITM2_MIRROR_GAP_K3M2.5,6,41569.3193595465,6928.219893257749,7838.93809671175,0.8333333333333334,-1722.4914906129998,-1722.4914906129998,9.52097542990707,150.8217734089167,,
ITM2_MIRROR_GAP_K3M3,6,48572.96099053249,8095.493498422082,10059.77006904475,0.8333333333333334,-759.0951895315011,-759.0951895315002,10.976112062233128,149.21483491125002,,
ITM2_MIRROR_GAP_K3M4,6,63450.081734947,10575.013622491168,13937.12489066425,1.0,0.0,366.48904102499944,11.74987812040177,149.98637750883333,,
ITM2_NEXT1_K3M0.5,6,-92599.26422741506,-15433.210704569176,-3912.2194972439775,0.0,-90736.14575950611,-72447.0425874215,-3.9612964976836036,112.71070456916668,,
ITM2_NEXT1_K3M1,6,-9653.69378144305,-1608.9489635738416,-1014.7613843804768,0.16666666666666666,-8812.049422571497,-7834.705474344498,-2.5651997840086,117.19896357383334,,
ITM2_NEXT1_K3M1.5,6,16959.052499749545,2826.5087499582573,2285.404770470748,0.6666666666666666,-3182.1828558880006,-3182.182855888,4.146812884677582,139.11625004174996,,
ITM2_NEXT1_K3M2,6,33560.3385321405,5593.38975535675,6284.256096450748,0.8333333333333334,-2517.212345040498,-2517.2123450405,6.916687497612476,157.48524464325,,
ITM2_NEXT1_K3M2.5,6,36685.133267897996,6114.188877983,7838.93809671175,0.8333333333333334,-1722.4914906129998,-1722.4914906129998,8.49238679487747,151.811122017,,
ITM2_NEXT1_K3M3,6,48097.32008092499,8016.220013487498,10059.77006904475,0.8333333333333334,-759.0951895315011,-759.0951895315002,9.552715452469386,151.02998651250002,,
ITM2_NEXT1_K3M4,6,64183.11817883999,10697.18636314,14216.26967436125,1.0,0.0,366.48904102499944,11.831390134739213,150.23030352666663,,
ITM2_NEXT2_K3M0.5,6,-16100.581451529542,-2683.4302419215906,-1421.9453696632265,0.3333333333333333,-15748.453834392589,-8702.731527043497,-5.089106309527933,113.22190858825002,,
ITM2_NEXT2_K3M1,6,8592.755330349046,1432.1258883915077,564.9088464367715,0.5,-2874.5418648409996,-2874.541864841,2.5197745641867413,121.91577827516666,,
ITM2_NEXT2_K3M1.5,6,26808.048866681496,4468.008144446916,6210.388229088498,0.8333333333333334,-1116.4247093319973,-1116.4247093319987,8.799694415566087,149.70018888641667,,
ITM2_NEXT2_K3M2,6,51883.928769144506,8647.321461524085,11203.08431054925,1.0,0.0,9.159521224499173,10.865458967021993,150.97020514258335,,
ITM2_NEXT2_K3M2.5,6,59625.785639060494,9937.630939843415,13319.959499224247,1.0,0.0,9.159521224499173,11.639567437604663,148.74406015658334,,
ITM2_NEXT2_K3M3,6,71488.756702257,11914.7927837095,15070.846695431748,1.0,0.0,9.159521224499173,10.977568061604753,150.29054962383336,,
ITM2_NEXT2_K3M4,6,78660.9317599215,13110.15529332025,15070.846695431748,1.0,0.0,9.159521224499173,10.223611933173414,150.3863733464167,,
ITM2_NEXT3_K3M0.5,6,-10889.376136276955,-1814.8960227128257,-1123.5329313020002,0.5,-12447.306434951503,-8596.5638689535,-2.9535894111643035,115.14602271283333,,
ITM2_NEXT3_K3M1,6,20561.395794566044,3426.8992990943407,3300.2611015047723,0.6666666666666666,-1565.3037698125008,-1565.3037698124997,5.309103971139514,136.184034239,,
ITM2_NEXT3_K3M1.5,6,32556.9057839915,5426.150963998583,7202.590866586001,0.8333333333333334,-1565.3037698125008,-1565.3037698124997,8.836306588252521,147.05736933474998,,
ITM2_NEXT3_K3M2,6,46816.93988644201,7802.823314407001,9907.75095240575,0.8333333333333334,-1565.3037698124972,-1565.3037698124997,8.943692058167498,147.76001892633334,,
ITM2_NEXT3_K3M2.5,6,52643.176697694,8773.862782949,9907.75095240575,0.8333333333333334,-1565.3037698124972,-1565.3037698124997,8.367606080351516,148.47055038433334,,
ITM2_NEXT3_K3M3,6,52643.176697694,8773.862782949,9907.75095240575,0.8333333333333334,-1565.3037698124972,-1565.3037698124997,8.367606080351516,148.47055038433334,,
ITM2_NEXT3_K3M4,6,52643.176697694,8773.862782949,9907.75095240575,0.8333333333333334,-1565.3037698124972,-1565.3037698124997,8.367606080351516,148.47055038433334,,
ITM3_MIRROR_GAP_K3M0.5,6,-28150.705789277963,-4691.784298212994,-4782.983533170751,0.16666666666666666,-28381.39130289151,-10949.280236546001,-7.756655200604971,137.45096487966666,,
ITM3_MIRROR_GAP_K3M1,6,18494.113222284042,3082.352203714007,2937.1135224865207,0.6666666666666666,-3807.882541543,-3807.882541542999,4.058054839570173,149.2311296193333,,
ITM3_MIRROR_GAP_K3M1.5,6,35888.7298554115,5981.454975901916,7096.639476232751,0.8333333333333334,-2641.6927937110013,-2641.6927937109995,7.768511724469631,159.42002409808333,,
ITM3_MIRROR_GAP_K3M2,6,43626.77574345799,7271.129290576332,8614.153138484999,0.8333333333333334,-221.848885944004,-221.84888594400059,10.053057175756038,155.12070942366668,,
ITM3_MIRROR_GAP_K3M2.5,6,63508.983805537995,10584.830634256332,14645.454054618998,0.8333333333333334,-221.848885944004,-221.84888594400059,10.290156217971436,159.66936574366665,,
ITM3_MIRROR_GAP_K3M3,6,72285.43975815299,12047.573293025498,16026.633776865998,0.8333333333333334,-221.84888594399672,-221.84888594400059,9.962452180365274,160.51004030783335,,
ITM3_MIRROR_GAP_K3M4,6,84746.34143326449,14124.390238877415,16026.633776865998,0.8333333333333334,-221.84888594399672,-221.84888594400059,9.16795078473253,162.06809445591668,,
ITM3_NEXT1_K3M0.5,6,-25414.53571666295,-4235.755952777158,-2423.6631872175003,0.16666666666666666,-23854.3193863245,-11809.888937562999,-6.442971891887814,137.5059527771667,,
ITM3_NEXT1_K3M1,6,-12981.464121946447,-2163.5773536577412,-1042.7111152024754,0.3333333333333333,-12232.187438982997,-9553.918596327998,-2.8920126485303004,138.28568699108334,,
ITM3_NEXT1_K3M1.5,6,15452.192251565559,2575.3653752609266,2334.594400067025,0.6666666666666666,-5020.357947918999,-5020.357947918999,3.4495556423522187,150.84295807241668,,
ITM3_NEXT1_K3M2,6,24687.317050694495,4114.552841782416,5466.5088516785,0.8333333333333334,-3561.248265934497,-3561.2482659344987,6.379271930146527,160.82215821758334,,
ITM3_NEXT1_K3M2.5,6,39447.53497832351,6574.589163053918,9224.478307900003,0.8333333333333334,-2479.7285000964985,-2479.7285000964985,8.534809409164524,161.03583694608332,,
ITM3_NEXT1_K3M3,6,48879.0620864045,8146.510347734083,10313.230766882498,0.8333333333333334,-1354.1442695399965,-1354.1442695399992,9.60291779199373,159.94798559925002,,
ITM3_NEXT1_K3M4,6,66897.0735451245,11149.51225752075,15093.276098583749,0.8333333333333334,-59.884592329501174,-59.884592329499824,11.19054306146707,158.86274247925,,
ITM3_NEXT2_K3M0.5,6,-24926.78346805596,-4154.46391134266,-3171.02237255975,0.16666666666666666,-25157.468981669506,-10949.280236546001,-6.87597731708286,134.21391134266668,,
ITM3_NEXT2_K3M1,6,16464.04048401254,2744.0067473354234,2937.1135224865207,0.6666666666666666,-3807.882541543,-3807.882541542999,3.683093469155982,149.03491933125,,
ITM3_NEXT2_K3M1.5,6,31483.055342125997,5247.175890354333,7096.639476232751,0.8333333333333334,-2641.6927937110013,-2641.6927937109995,7.764514414440383,158.65744297899997,,
ITM3_NEXT2_K3M2,6,44301.33853773999,7383.556422956665,8614.153138484999,0.8333333333333334,-221.848885944004,-221.84888594400059,10.025328245846609,155.36024371,,
ITM3_NEXT2_K3M2.5,6,67942.4609894465,11323.743498241083,15702.77073801275,0.8333333333333334,-221.84888594399672,-221.84888594400059,10.978066060928018,157.96483509225,,
ITM3_NEXT2_K3M3,6,88242.7535444775,14707.12559074625,17486.162781838997,0.8333333333333334,-221.84888594399672,-221.84888594400059,14.249993837982196,171.91607592041666,,
ITM3_NEXT2_K3M4,6,100703.655219589,16783.942536598166,17486.162781838997,0.8333333333333334,-221.84888594399672,-221.84888594400059,12.792465078325998,173.4741300685,,
ITM3_NEXT3_K3M0.5,6,-24409.691008163954,-4068.2818346939926,-4782.983533170751,0.3333333333333333,-26378.4304738145,-9537.896850802501,-6.56152412617548,135.78183469400003,,
ITM3_NEXT3_K3M1,6,13315.413440060494,2219.2355733434156,3791.087124059246,0.6666666666666666,-2999.0223135114975,-2999.0223135114975,4.64422231593076,155.97275998991665,,
ITM3_NEXT3_K3M1.5,6,42643.837435703994,7107.306239283999,9088.07770765825,0.8333333333333334,-1873.4380829549991,-1873.438082955,8.972739383581127,156.44376071599996,,
ITM3_NEXT3_K3M2,6,56480.103934356,9413.350655725999,12711.524835842249,0.8333333333333334,-1873.4380829549991,-1873.438082955,9.292076398418168,157.899344274,,
ITM3_NEXT3_K3M2.5,6,62447.260787045496,10407.876797840916,12711.524835842249,0.8333333333333334,-1873.4380829549991,-1873.438082955,8.789634383579124,158.41486882574998,,
ITM3_NEXT3_K3M3,6,62447.260787045496,10407.876797840916,12711.524835842249,0.8333333333333334,-1873.4380829549991,-1873.438082955,8.789634383579124,158.41486882574998,,
ITM3_NEXT3_K3M4,6,62447.260787045496,10407.876797840916,12711.524835842249,0.8333333333333334,-1873.4380829549991,-1873.438082955,8.789634383579124,158.41486882574998,,
ITM4_MIRROR_GAP_K3M0.5,6,-30747.30446899195,-5124.550744831992,-4924.306729487,0.16666666666666666,-33139.5353337785,-12867.406537006496,-6.365378006693062,146.63407816533334,,
ITM4_MIRROR_GAP_K3M1,6,7920.044803104997,1320.0074671841662,2498.42544031725,0.6666666666666666,-3594.8188406215004,-3594.8188406215004,3.1915583293707233,168.49253281583333,,
ITM4_MIRROR_GAP_K3M1.5,6,31109.614159576497,5184.93569326275,8048.65113025475,0.8333333333333334,-2208.4933352595,-2208.4933352595012,7.775138095632529,162.93930673725,,
ITM4_MIRROR_GAP_K3M2,6,50032.48284811849,8338.747141353082,11368.79724863475,0.8333333333333334,-2208.4933352595035,-2208.4933352595012,7.908242446766162,165.96119198025,,
ITM4_MIRROR_GAP_K3M2.5,6,59398.37700913149,9899.729501521915,11368.79724863475,0.8333333333333334,-2208.4933352595035,-2208.4933352595012,7.6282592881728535,167.14549847808334,,
ITM4_MIRROR_GAP_K3M3,6,62163.898529782986,10360.649754963832,11368.79724863475,0.8333333333333334,-2208.4933352595035,-2208.4933352595012,7.4525424965883245,167.1835783695,,
ITM4_MIRROR_GAP_K3M4,6,62163.898529782986,10360.649754963832,11368.79724863475,0.8333333333333334,-2208.4933352595035,-2208.4933352595012,7.4525424965883245,167.1835783695,,
ITM4_NEXT1_K3M0.5,6,-33745.49781419405,-5624.249635699009,-2079.414805452047,0.0,-32504.3022452006,-16249.957233180497,-6.10013305733336,130.66630236566667,,
ITM4_NEXT1_K3M1,6,-15391.66726205096,-2565.2778770084933,-770.9714739222252,0.3333333333333333,-15253.34961348751,-13144.107883804998,-2.3470670580477866,150.5278770085,,
ITM4_NEXT1_K3M1.5,6,15024.713030032546,2504.1188383387575,2850.9097073020243,0.6666666666666666,-9401.7090997525,-9401.7090997525,2.4008290646019703,161.42282832791668,,
ITM4_NEXT1_K3M2,6,23700.877027483006,3950.146171247168,7195.142434689253,0.8333333333333334,-7008.088954238501,-7008.0889542385,4.697530252177186,173.02049541949998,,
ITM4_NEXT1_K3M2.5,6,39224.73782800251,6537.456304667085,9379.657766356751,0.8333333333333334,-5419.424954451999,-5419.424954451999,6.490543760523208,174.33536199958334,,
ITM4_NEXT1_K3M3,6,46890.358351471,7815.059725245166,10566.587939974248,0.8333333333333334,-3296.4781410569994,-3296.478141057001,8.27092606258111,169.1069414215,,
ITM4_NEXT1_K3M4,6,80993.71803288301,13498.953005480502,16236.874797628501,0.8333333333333334,-2002.218463846497,-2002.2184638465014,12.695642302004767,182.46366118616663,,
ITM4_NEXT2_K3M0.5,6,-31184.608006058443,-5197.434667676407,-3748.603674837501,0.16666666666666666,-31850.812198682994,-13341.183328149997,-6.652925342914109,146.39300100975,,
ITM4_NEXT2_K3M1,6,12256.433682211546,2042.7389470352575,2820.052554426774,0.6666666666666666,-7052.3995320369995,-7052.3995320369995,2.429987176470484,158.05271963141664,,
ITM4_NEXT2_K3M1.5,6,29193.8884680815,4865.6480780135835,7125.173802199,0.8333333333333334,-3338.3850194974984,-3338.3850194975,7.001744848303751,171.31025531975,,
ITM4_NEXT2_K3M2,6,45138.197192261505,7523.0328653769175,9833.36827792925,0.8333333333333334,-2046.5290416450007,-2046.5290416450005,9.607963581261432,163.75880128974998,,
ITM4_NEXT2_K3M2.5,6,76101.426518344,12683.571086390666,15151.357825712501,0.8333333333333334,-538.1812975274952,-538.1812975275005,14.095805264478582,181.01224694266662,,
ITM4_NEXT2_K3M3,6,97506.75364418901,16251.125607364835,18684.258497954997,0.8333333333333334,-538.1812975274952,-538.1812975275005,14.06936933245063,183.04105930183331,,
ITM4_NEXT2_K3M4,6,108085.5890247505,18014.264837458417,20054.285563375,0.8333333333333334,-538.1812975274952,-538.1812975275005,13.547750429205228,183.02682920825,,
ITM4_NEXT3_K3M0.5,6,-28196.581734360454,-4699.430289060076,-3648.94536217125,0.16666666666666666,-30588.812599147,-12867.406537006496,-5.777805456419002,146.72195572675,,
ITM4_NEXT3_K3M1,6,9062.009816774997,1510.3349694624994,2498.42544031725,0.6666666666666666,-3594.8188406215013,-3594.8188406215004,3.4861340428327328,168.83169720416666,,
ITM4_NEXT3_K3M1.5,6,37331.81648081399,6221.969413468999,8048.65113025475,0.8333333333333334,-2208.4933352595035,-2208.4933352595012,8.216148237674,164.280586531,,
ITM4_NEXT3_K3M2,6,56331.771109267494,9388.62851821125,13002.192282285001,0.8333333333333334,-2208.4933352595035,-2208.4933352595012,9.495572187712204,164.74648178875,,
ITM4_NEXT3_K3M2.5,6,65697.66527028051,10949.610878380086,13002.192282285001,0.8333333333333334,-2208.4933352594962,-2208.4933352595012,9.01780731752104,165.93078828658335,,
ITM4_NEXT3_K3M3,6,68463.18679093201,11410.531131822003,13002.192282285001,0.8333333333333334,-2208.4933352594962,-2208.4933352595012,8.750209672668705,165.968868178,,
ITM4_NEXT3_K3M4,6,68463.18679093201,11410.531131822003,13002.192282285001,0.8333333333333334,-2208.4933352594962,-2208.4933352595012,8.750209672668705,165.968868178,,
ITM5_MIRROR_GAP_K3M0.5,6,-27119.055441042954,-4519.842573507159,-6005.439479603248,0.3333333333333333,-31643.676356302,-12600.435839591,-5.104323445783384,162.6759068405,,
ITM5_MIRROR_GAP_K3M1,6,6513.444128749498,1085.5740214582497,2857.8201991832493,0.6666666666666666,-5312.684787997002,-5312.684787997002,2.0276524418116777,175.96764520841666,,
ITM5_MIRROR_GAP_K3M1.5,6,30024.678792529994,5004.113132088332,6419.733171485999,0.6666666666666666,-5312.684787997001,-5312.684787997002,4.748515734107236,176.38686791166666,,
ITM5_MIRROR_GAP_K3M2,6,38400.480198632,6400.080033105333,6419.733171485999,0.6666666666666666,-5312.684787997001,-5312.684787997002,4.8617584109288625,176.83663356133334,,
ITM5_MIRROR_GAP_K3M2.5,6,38400.480198632,6400.080033105333,6419.733171485999,0.6666666666666666,-5312.684787997001,-5312.684787997002,4.8617584109288625,176.83663356133334,,
ITM5_MIRROR_GAP_K3M3,6,38400.480198632,6400.080033105333,6419.733171485999,0.6666666666666666,-5312.684787997001,-5312.684787997002,4.8617584109288625,176.83663356133334,,
ITM5_MIRROR_GAP_K3M4,6,38400.480198632,6400.080033105333,6419.733171485999,0.6666666666666666,-5312.684787997001,-5312.684787997002,4.8617584109288625,176.83663356133334,,
ITM5_NEXT1_K3M0.5,6,-39050.68862337855,-6508.448103896425,-2331.218643669798,0.16666666666666666,-38316.7211618101,-19853.8295146835,-5.4589238008144365,140.07310389641668,,
ITM5_NEXT1_K3M1,6,-3301.723822307953,-550.2873037179921,817.249791842774,0.6666666666666666,-13914.800122446,-13914.800122446,-0.5395981502248061,167.87063705133335,,
ITM5_NEXT1_K3M1.5,6,16191.238249881,2698.5397083135,5434.627160532,0.6666666666666666,-13330.119051946498,-13330.119051946498,2.131574576092341,189.62695835316663,,
ITM5_NEXT1_K3M2,6,20393.587751023013,3398.931291837169,7010.467686866752,0.6666666666666666,-12499.664300534496,-12499.664300534498,2.834401132107647,183.6520414961667,,
ITM5_NEXT1_K3M2.5,6,33580.108140058495,5596.684690009749,8288.041407712251,0.8333333333333334,-9416.3392614025,-9416.339261402502,4.75395727214683,183.44030999025003,,
ITM5_NEXT1_K3M3,6,42036.00574585701,7006.000957642835,11043.528437998499,0.8333333333333334,-7890.1140522185015,-7890.114052218499,6.2246778754259395,180.83237569050002,,
ITM5_NEXT1_K3M4,6,76588.18629591951,12764.697715986586,15396.868459291749,0.8333333333333334,-2761.597552567997,-2761.5975525680005,12.029758853638258,191.42728401341665,,
ITM5_NEXT2_K3M0.5,6,-32038.49233905005,-5339.748723175008,-1771.155714083799,0.5,-33039.9746125721,-17579.121003816497,-4.481073495125772,139.748723175,,
ITM5_NEXT2_K3M1,6,8234.669839037997,1372.4449731729994,2756.6095749607507,0.6666666666666666,-11654.8708828585,-11654.8708828585,1.2749565060861385,186.47169349366666,,
ITM5_NEXT2_K3M1.5,6,20215.697546829993,3369.2829244716654,6587.612777727749,0.8333333333333334,-7146.356582120003,-7146.356582120001,4.19248461132399,176.46707552833334,,
ITM5_NEXT2_K3M2,6,47309.5487460485,7884.924791008084,10631.73509307125,0.8333333333333334,-2656.094220211504,-2656.094220211501,8.864847290168443,173.45020899191664,,
ITM5_NEXT2_K3M2.5,6,78131.08554842453,13021.847591404088,15050.434131630253,0.8333333333333334,-1030.9711668719974,-1030.9711668720006,13.249253975114506,191.02740859591668,,
ITM5_NEXT2_K3M3,6,106058.76156915599,17676.460261525997,21461.845803201,0.8333333333333334,-1030.9711668719974,-1030.9711668720006,13.898258917752287,195.28973847400002,,
ITM5_NEXT2_K3M4,6,119852.621230192,19975.43687169867,22905.23186870225,0.8333333333333334,-1030.9711668719974,-1030.9711668720006,13.669761602034548,195.14646163466668,,
ITM5_NEXT3_K3M0.5,6,-23904.80249636095,-3984.1337493934916,-4558.809774202501,0.3333333333333333,-26917.484806365,-13268.926297388498,-4.564839630434842,159.96708272683333,,
ITM5_NEXT3_K3M1,6,2100.0629443294965,350.01049072158276,2025.9236464395008,0.6666666666666666,-7828.9212976604995,-7828.9212976604995,0.5658475600753232,177.03117594508333,,
ITM5_NEXT3_K3M1.5,6,41122.93484743401,6853.822474572335,9164.035252379752,0.8333333333333334,-2700.4047980100004,-2700.4047980100004,8.594328900143587,172.67752542766667,,
ITM5_NEXT3_K3M2,6,77612.43872940949,12935.406454901582,15755.2083936565,0.8333333333333334,-2700.4047980100004,-2700.4047980100004,11.990693063816689,190.80187843175,,
ITM5_NEXT3_K3M2.5,6,87014.30270443899,14502.383784073165,15755.2083936565,0.8333333333333334,-2700.4047980100004,-2700.4047980100004,11.476390633894967,191.94954926016666,,
ITM5_NEXT3_K3M3,6,90884.777683433,15147.462947238833,15755.2083936565,0.8333333333333334,-2700.4047980100004,-2700.4047980100004,11.0151573007242,192.5370527611667,,
ITM5_NEXT3_K3M4,6,90884.777683433,15147.462947238833,15755.2083936565,0.8333333333333334,-2700.4047980100004,-2700.4047980100004,11.0151573007242,192.5370527611667,,
ITM6_MIRROR_GAP_K3M0.5,6,-34483.28745085294,-5747.214575142157,-8007.690578831497,0.16666666666666666,-41240.35408699399,-15033.0589060035,-5.364479751735358,171.29790847549998,,
ITM6_MIRROR_GAP_K3M1,6,-10731.459182261004,-1788.576530376834,-492.5411781895016,0.5,-12847.016453762002,-10034.0868734165,-2.5687657845710166,186.32653037683335,,
ITM6_MIRROR_GAP_K3M1.5,6,11805.3036893685,1967.55061489475,1183.7046927432505,0.5,-12808.564631789,-10034.0868734165,1.5206391652352433,187.74105177191666,,
ITM6_MIRROR_GAP_K3M2,6,11805.3036893685,1967.55061489475,1183.7046927432505,0.5,-12808.564631789,-10034.0868734165,1.5206391652352433,187.74105177191666,,
ITM6_MIRROR_GAP_K3M2.5,6,11805.3036893685,1967.55061489475,1183.7046927432505,0.5,-12808.564631789,-10034.0868734165,1.5206391652352433,187.74105177191666,,
ITM6_MIRROR_GAP_K3M3,6,11805.3036893685,1967.55061489475,1183.7046927432505,0.5,-12808.564631789,-10034.0868734165,1.5206391652352433,187.74105177191666,,
ITM6_MIRROR_GAP_K3M4,6,11805.3036893685,1967.55061489475,1183.7046927432505,0.5,-12808.564631789,-10034.0868734165,1.5206391652352433,187.74105177191666,,
ITM6_NEXT1_K3M0.5,6,-48575.34029461305,-8095.890049102175,-2760.8521088910484,0.16666666666666666,-48276.7374056356,-24251.7905610585,-5.390286789360056,151.80671576883333,,
ITM6_NEXT1_K3M1,6,-7462.338493891453,-1243.7230823152422,1708.1383414457764,0.6666666666666666,-17952.7492674485,-17952.7492674485,-1.0194750176123615,181.51474898191665,,
ITM6_NEXT1_K3M1.5,6,6141.036137780051,1023.5060229633418,3648.0695585495223,0.6666666666666666,-18013.982233710496,-18013.982233710496,0.7014808275284986,181.16064370333333,,
ITM6_NEXT1_K3M2,6,20154.873459662005,3359.145576610334,7439.98963700325,0.8333333333333334,-15301.809460887998,-15301.809460888,2.4443323586770007,195.27109005633335,,
ITM6_NEXT1_K3M2.5,6,31283.82462632649,5213.970771054414,9077.143228761997,0.8333333333333334,-12649.055714128,-12649.055714128,3.8340164186476677,193.48756227891667,,
ITM6_NEXT1_K3M3,6,44934.712890729505,7489.118815121584,12542.852052829749,0.8333333333333334,-10143.281599186499,-10143.281599186499,5.5674265404713275,192.25618487841666,,
ITM6_NEXT1_K3M4,6,81816.55699380899,13636.092832301498,17451.492802881752,0.8333333333333334,-7322.614629390504,-7322.6146293905,9.536720864293732,209.99050103183333,,
ITM6_NEXT2_K3M0.5,6,-40921.93157311555,-6820.321928852592,-2271.4262420097966,0.5,-42219.2967998801,-22134.3101541985,-4.669446859278234,148.61359551925,,
ITM6_NEXT2_K3M1,6,5031.690689856496,838.6151149760826,2170.809385021498,0.6666666666666666,-14932.287366947003,-14932.287366947003,0.6762508686002822,197.59321835725004,,
ITM6_NEXT2_K3M1.5,6,25433.86949159499,4238.9782485991645,6649.0942925659965,0.8333333333333334,-9933.315334359999,-9933.31533436,3.8149945338729787,190.77175140083332,,
ITM6_NEXT2_K3M2,6,58355.268861909084,9725.878143651515,11934.409538640502,0.8333333333333334,-2814.650104217406,-2814.650104217405,11.289012987309125,201.24685634850002,,
ITM6_NEXT2_K3M2.5,6,86220.80688539457,14370.134480899096,17475.398577362,0.8333333333333334,-1189.5270508779067,-1189.5270508779042,13.584812768196093,203.94885243424997,,
ITM6_NEXT2_K3M3,6,107290.59947524058,17881.766579206764,21031.65837549525,1.0,0.0,688.609172442595,15.18370735575325,205.56675412658333,,
ITM6_NEXT2_K3M4,6,140166.0549506226,23361.0091584371,26956.073434089754,1.0,0.0,688.609172442595,14.920087513830685,210.15750822958333,,
ITM6_NEXT3_K3M0.5,6,-16931.40207968495,-2821.9003466141585,-900.9266784850029,0.5,-22160.472563076997,-17698.512636527495,-2.405565923831267,157.44201328083332,,
ITM6_NEXT3_K3M1,6,2797.7988261594965,466.2998043599161,2095.287334524746,0.6666666666666666,-12144.554598074,-12144.554598074,0.4931823819147993,188.5751956400833,,
ITM6_NEXT3_K3M1.5,6,42313.234568973596,7052.205761495599,9927.22592925825,0.8333333333333334,-1084.0237185214064,-1084.0237185214055,9.635601325700751,183.37757183775,,
ITM6_NEXT3_K3M2,6,81329.6132992651,13554.935549877517,16381.974068731,0.8333333333333334,-1084.0237185214064,-1084.0237185214055,13.599053885644171,201.77278345583332,,
ITM6_NEXT3_K3M2.5,6,97015.13184801709,16169.18864133618,18768.55465988875,0.8333333333333334,-1084.0237185214064,-1084.0237185214055,13.32966691720257,202.68635866383337,,
ITM6_NEXT3_K3M3,6,104089.6346260481,17348.27243767468,18768.55465988875,0.8333333333333334,-1084.0237185214064,-1084.0237185214055,12.413221887913855,203.35256232533334,,
ITM6_NEXT3_K3M4,6,104089.6346260481,17348.27243767468,18768.55465988875,0.8333333333333334,-1084.0237185214064,-1084.0237185214055,12.413221887913855,203.35256232533334,,
ITM7_MIRROR_GAP_K3M0.5,6,-62772.047617050506,-10462.007936175085,-10793.008594006002,0.0,-52518.653826070506,-18221.777849875005,-13.840639963900705,197.96626950841664,,
ITM7_MIRROR_GAP_K3M1,6,-25689.360129763496,-4281.56002162725,-3682.193242128751,0.5,-29517.2019135665,-15107.055769886,-3.768561876632731,194.68502162725,,
ITM7_MIRROR_GAP_K3M1.5,6,-18670.252133720503,-3111.708688953417,-3682.193242128751,0.5,-29517.2019135665,-15107.055769886,-2.2655075645128084,195.91702228674998,,
ITM7_MIRROR_GAP_K3M2,6,-18670.252133720503,-3111.708688953417,-3682.193242128751,0.5,-29517.2019135665,-15107.055769886,-2.2655075645128084,195.91702228674998,,
ITM7_MIRROR_GAP_K3M2.5,6,-18670.252133720503,-3111.708688953417,-3682.193242128751,0.5,-29517.2019135665,-15107.055769886,-2.2655075645128084,195.91702228674998,,
ITM7_MIRROR_GAP_K3M3,6,-18670.252133720503,-3111.708688953417,-3682.193242128751,0.5,-29517.2019135665,-15107.055769886,-2.2655075645128084,195.91702228674998,,
ITM7_MIRROR_GAP_K3M4,6,-18670.252133720503,-3111.708688953417,-3682.193242128751,0.5,-29517.2019135665,-15107.055769886,-2.2655075645128084,195.91702228674998,,
ITM7_NEXT1_K3M0.5,6,-34300.53796760055,-5716.7563279334245,-2592.351103627548,0.3333333333333333,-34326.988743208094,-24357.5781303225,-4.409534463349159,161.96466126675,,
ITM7_NEXT1_K3M1,6,-11830.758549758486,-1971.7930916264143,2806.5292032712514,0.6666666666666666,-23030.823537216995,-23030.823537216995,-1.3089996232186472,213.00142495975,,
ITM7_NEXT1_K3M1.5,6,9265.996531187007,1544.3327551978346,6277.834075166498,0.6666666666666666,-22382.082684255496,-22382.082684255496,0.8684085132413821,211.75057813549998,,
ITM7_NEXT1_K3M2,6,11618.560954227,1936.4268257044998,6498.992672914252,0.6666666666666666,-20633.8859713175,-20633.8859713175,1.1887914299534024,205.32317429550002,,
ITM7_NEXT1_K3M2.5,6,18800.423291071005,3133.4038818451677,8533.66712424,0.8333333333333334,-17629.4427415815,-17629.4427415815,2.0968220536834217,202.17945148816668,,
ITM7_NEXT1_K3M3,6,34650.0882508685,5775.014708478084,11709.019560570756,0.8333333333333334,-15517.673837310504,-15517.6738373105,3.6903941576641865,202.27695818858334,,
ITM7_NEXT1_K3M4,6,60838.553455777015,10139.75890929617,16626.048566024252,0.8333333333333334,-12768.659589187504,-12768.6595891875,5.7392492703996325,204.9910907038333,,
ITM7_NEXT2_K3M0.5,6,-54416.543289121444,-9069.42388152024,-3775.2990506387505,0.3333333333333333,-56146.391479974496,-26307.586695613,-5.1869265714470165,176.88221485358335,,
ITM7_NEXT2_K3M1,6,-6557.636878884503,-1092.9394798140838,3303.1147458964997,0.6666666666666666,-19599.7851963375,-19599.7851963375,-0.8353323746919006,200.81447981408334,,
ITM7_NEXT2_K3M1.5,6,15108.577702087494,2518.096283681249,7058.502482230495,0.6666666666666666,-15216.250495655999,-15216.250495655999,1.966790045931354,199.44538298541667,,
ITM7_NEXT2_K3M2,6,65585.0205481116,10930.8367580186,13292.009419030499,0.8333333333333334,-2164.4423432613985,-2164.4423432614053,12.231928717085855,212.32990864808335,,
ITM7_NEXT2_K3M2.5,6,88819.0498578236,14803.174976303933,17236.064895658004,1.0,0.0,1338.8169333985945,16.111065978464506,216.15835702941663,,
ITM7_NEXT2_K3M3,6,109228.2018598351,18204.700309972515,21403.335925069754,1.0,0.0,3320.7534315830953,17.74569102014924,216.84135669416665,,
ITM7_NEXT2_K3M4,6,153543.0649026621,25590.51081711035,29685.943969510998,1.0,0.0,3320.7534315830953,16.86315688573967,223.697516223,,
ITM7_NEXT3_K3M0.5,6,-40209.6451554775,-6701.607525912917,-4379.0478081955025,0.16666666666666666,-36373.624280939,-22701.1478291865,-5.809157746341404,205.3991925795833,,
ITM7_NEXT3_K3M1,6,380.61205584950767,63.43534264158461,2086.782676743003,0.6666666666666666,-13615.82291662,-13615.82291662,0.06240823922695784,198.18965735841667,,
ITM7_NEXT3_K3M1.5,6,39040.20009948309,6506.700016580515,9295.016713984249,0.8333333333333334,-329.35302509540634,-329.3530250954043,9.816264560448595,192.09165008616665,,
ITM7_NEXT3_K3M2,6,83806.02477214459,13967.670795357431,16197.350299517999,1.0,0.0,1548.783198225095,16.490798526005328,214.24587130925,,
ITM7_NEXT3_K3M2.5,6,108629.82244808809,18104.97040801468,21215.6142068175,1.0,0.0,1548.783198225095,16.050700716755806,215.821258652,,
ITM7_NEXT3_K3M3,6,120326.7629343191,20054.46048905318,21808.862764001253,1.0,0.0,1548.783198225095,15.109098724817818,217.4145109468333,,
ITM7_NEXT3_K3M4,6,124566.46067970608,20761.076779951014,21808.862764001253,1.0,0.0,1548.783198225095,14.329732076239942,218.21488671566667,,
ITM8_MIRROR_GAP_K3M0.5,6,-69348.015074857,-11558.002512476167,-12433.287114929251,0.0,-56960.1422723095,-14450.017729246503,-21.84100751785883,210.0858458095,,
ITM8_MIRROR_GAP_K3M1,6,-45411.08437366701,-7568.5140622778345,-8367.26444694275,0.16666666666666666,-47118.615401640505,-14450.017729246503,-7.732186552573357,202.93072894449998,,
ITM8_MIRROR_GAP_K3M1.5,6,-41751.30160457651,-6958.550267429418,-8367.26444694275,0.16666666666666666,-47118.615401640505,-14450.017729246503,-6.193805941405374,203.42526742941666,,
ITM8_MIRROR_GAP_K3M2,6,-41751.30160457651,-6958.550267429418,-8367.26444694275,0.16666666666666666,-47118.615401640505,-14450.017729246503,-6.193805941405374,203.42526742941666,,
ITM8_MIRROR_GAP_K3M2.5,6,-41751.30160457651,-6958.550267429418,-8367.26444694275,0.16666666666666666,-47118.615401640505,-14450.017729246503,-6.193805941405374,203.42526742941666,,
ITM8_MIRROR_GAP_K3M3,6,-41751.30160457651,-6958.550267429418,-8367.26444694275,0.16666666666666666,-47118.615401640505,-14450.017729246503,-6.193805941405374,203.42526742941666,,
ITM8_MIRROR_GAP_K3M4,6,-41751.30160457651,-6958.550267429418,-8367.26444694275,0.16666666666666666,-47118.615401640505,-14450.017729246503,-6.193805941405374,203.42526742941666,,
ITM8_NEXT1_K3M0.5,6,-74544.72141401249,-12424.120235668748,-5097.092443912999,0.16666666666666666,-76302.35092597349,-35983.96395928949,-5.527016792101567,204.66190233541667,,
ITM8_NEXT1_K3M1,6,-15075.578012013015,-2512.5963353355023,2756.9636590774953,0.6666666666666666,-28097.9688570315,-28097.9688570315,-1.3622761211547953,224.59633533550004,,
ITM8_NEXT1_K3M1.5,6,-10056.325673108542,-1676.0542788514238,3660.4609775675017,0.6666666666666666,-28280.212889606,-28280.212889606,-0.9036480820274698,211.92927885141668,,
ITM8_NEXT1_K3M2,6,11012.826929215491,1835.4711548692485,6449.234831108498,0.8333333333333334,-23433.141946027496,-23433.141946027496,1.06151320700963,226.65384513075,,
ITM8_NEXT1_K3M2.5,6,29445.042691292507,4907.507115215418,10415.579036246752,0.8333333333333334,-21666.5346312695,-21666.5346312695,2.699509836755604,228.03455145125,,
ITM8_NEXT1_K3M3,6,48963.4465969295,8160.574432821583,13916.358679087747,0.8333333333333334,-18933.801590199,-18933.801590199,4.397854548511202,231.4672338450833,,
ITM8_NEXT1_K3M4,6,90560.33076658059,15093.388461096765,17508.168081597003,0.8333333333333334,-717.811396591409,-717.8113965914054,13.788152262048538,226.02820556991665,,
ITM8_NEXT2_K3M0.5,6,-26139.317715252964,-4356.552952542161,-469.21207829873083,0.5,-31469.753547853503,-28438.611998968,-2.488132390629146,178.67795254216665,,
ITM8_NEXT2_K3M1,6,-16954.52532415101,-2825.754220691835,2493.7962441287455,0.6666666666666666,-26911.275817375998,-26911.275817375998,-1.6718429798992795,219.25422069183332,,
ITM8_NEXT2_K3M1.5,6,8850.062269040958,1475.010378173493,7118.621391275501,0.8333333333333334,-21319.467509732,-21319.467509732,0.9208768477009723,210.65628849316667,,
ITM8_NEXT2_K3M2,6,67150.2013089436,11191.700218157266,13327.644826022748,0.8333333333333334,-370.74427505390486,-370.7442750539054,14.151549213171283,224.46644850941667,,
ITM8_NEXT2_K3M2.5,6,95199.6674790846,15866.6112465141,18073.83744569125,1.0,0.0,1507.391948266594,15.8096274290738,227.38875348591668,,
ITM8_NEXT2_K3M3,6,121126.3505358071,20187.725089301184,22189.08660163775,1.0,0.0,5646.427908468599,20.131690141038423,230.39991069883334,,
ITM8_NEXT2_K3M4,6,171661.0554604786,28610.175910079764,32721.7776143745,1.0,0.0,5646.427908468599,18.085966457331647,238.99075658691672,,
ITM8_NEXT3_K3M0.5,6,-40852.118196259944,-6808.686366043324,-3745.8848836487487,0.3333333333333333,-44401.70735099149,-27631.722426413995,-4.341236264922906,197.10303270999998,,
ITM8_NEXT3_K3M1,6,-9952.97974420805,-1658.8299573680085,2093.9451235442484,0.6666666666666666,-19800.1559433035,-19800.1559433035,-1.3189898055516502,206.079957368,,
ITM8_NEXT3_K3M1.5,6,59242.0432633831,9873.673877230516,11607.410342135998,0.8333333333333334,-69.32093339940184,-69.32093339940467,14.163447898167245,222.4511227695,,
ITM8_NEXT3_K3M2,6,95558.69787240359,15926.449645400598,17630.415993061248,1.0,0.0,3790.7517881055956,18.97167525769591,224.96702126608332,,
ITM8_NEXT3_K3M2.5,6,127808.97921809508,21301.49653634918,24431.9417710465,1.0,0.0,3790.7517881055956,17.794453561875553,230.29513031750002,,
ITM8_NEXT3_K3M3,6,140469.57491714507,23411.59581952418,25609.87667477,1.0,0.0,3790.7517881055956,16.758782774006615,232.69584714249996,,
ITM8_NEXT3_K3M4,6,145021.59150851407,24170.265251419012,25609.87667477,1.0,0.0,3790.7517881055956,15.88506112534264,233.44308191433333,,
OTM1_MIRROR_GAP_K3M0.5,6,-73837.29129312106,-12306.215215520177,-2950.4025588929753,0.0,-70512.8868021646,-60266.04181164,-3.7718632919536392,95.96521552016667,,
OTM1_MIRROR_GAP_K3M1,6,-5211.254700392048,-868.5424500653413,-1423.6182471065003,0.16666666666666666,-3748.4475067394997,-3036.4604711839993,-2.4944963951893966,96.12578339866667,,
OTM1_MIRROR_GAP_K3M1.5,6,7439.952003121547,1239.9920005202578,-641.8724270370002,0.5,-2368.246201747,-2368.246201747,2.0981619909510703,109.29966614641667,,
OTM1_MIRROR_GAP_K3M2,6,23651.12301263705,3941.853835439508,3652.1042940790007,0.6666666666666666,-847.4772986259995,-847.4772986259995,5.70553121843887,123.89616456049998,,
OTM1_MIRROR_GAP_K3M2.5,6,26347.565447115052,4391.260907852508,4457.76276535575,0.6666666666666666,-182.50678777850044,-252.56510669995234,6.937772271575956,118.65575881416665,,
OTM1_MIRROR_GAP_K3M3,6,45771.39618701451,7628.566031169084,9963.628304322503,1.0,0.0,612.2140666490004,11.033609863863987,135.14230216424997,,
OTM1_MIRROR_GAP_K3M4,6,52869.7576948625,8811.626282477084,10884.990271881,1.0,0.0,1575.6103677305,13.131444562850671,129.6653841895833,,
OTM1_NEXT1_K3M0.5,6,-73837.29129312106,-12306.215215520177,-2950.4025588929753,0.0,-70512.8868021646,-60266.04181164,-3.7718632919536392,95.96521552016667,,
OTM1_NEXT1_K3M1,6,-5211.254700392048,-868.5424500653413,-1423.6182471065003,0.16666666666666666,-3748.4475067394997,-3036.4604711839993,-2.4944963951893966,96.12578339866667,,
OTM1_NEXT1_K3M1.5,6,7439.952003121547,1239.9920005202578,-641.8724270370002,0.5,-2368.246201747,-2368.246201747,2.0981619909510703,109.29966614641667,,
OTM1_NEXT1_K3M2,6,23651.12301263705,3941.853835439508,3652.1042940790007,0.6666666666666666,-847.4772986259995,-847.4772986259995,5.70553121843887,123.89616456049998,,
OTM1_NEXT1_K3M2.5,6,26347.565447115052,4391.260907852508,4457.76276535575,0.6666666666666666,-182.50678777850044,-252.56510669995234,6.937772271575956,118.65575881416665,,
OTM1_NEXT1_K3M3,6,45771.39618701451,7628.566031169084,9963.628304322503,1.0,0.0,612.2140666490004,11.033609863863987,135.14230216424997,,
OTM1_NEXT1_K3M4,6,52869.7576948625,8811.626282477084,10884.990271881,1.0,0.0,1575.6103677305,13.131444562850671,129.6653841895833,,
OTM1_NEXT2_K3M0.5,6,-10535.084724539549,-1755.847454089925,-1862.8727301374763,0.16666666666666666,-8760.203216058097,-4403.093521946,-6.910223467744717,96.7224540899167,,
OTM1_NEXT2_K3M1,6,5602.823573862045,933.8039289770076,-309.112365766976,0.3333333333333333,-3123.619358132502,-2528.6464967500015,1.9676694303111153,108.36273768966664,,
OTM1_NEXT2_K3M1.5,6,31014.087496649994,5169.014582774999,4967.6488440065,1.0,0.0,94.6535873559991,7.909476750298368,139.31875055833333,,
OTM1_NEXT2_K3M2,6,44370.6043963955,7395.100732732583,9518.05405211175,1.0,0.0,94.6535873559991,11.176533942465387,133.52426726741666,,
OTM1_NEXT2_K3M2.5,6,49429.433683147,8238.238947191167,11416.6572194135,1.0,0.0,94.6535873559991,11.118558527621625,131.59438614216666,,
OTM1_NEXT2_K3M3,6,58938.699721419005,9823.1166202365,11513.243559832252,1.0,0.0,94.6535873559991,10.183770983006447,133.80004643016665,,
OTM1_NEXT2_K3M4,6,61553.15769521551,10258.85961586925,11513.243559832252,1.0,0.0,94.6535873559991,9.750617451139426,134.09871746408334,,
OTM1_NEXT3_K3M0.5,6,-8005.836052505047,-1334.306008750841,-1802.5716309147492,0.16666666666666666,-8312.426572600498,-4707.283310770999,-3.442833033249193,94.9726754175,,
OTM1_NEXT3_K3M1,6,9602.826704947047,1600.4711174911745,757.494934673524,0.5,-2444.0865168009996,-2099.044878551,2.917910389758031,107.94554917549999,,
OTM1_NEXT3_K3M1.5,6,35620.6660160305,5936.777669338416,6105.334649096749,0.8333333333333334,-1253.7791154299994,-1253.7791154300005,6.824814495283321,138.01399732824999,,
OTM1_NEXT3_K3M2,6,40324.207184791994,6720.701197465332,6816.709824142999,0.8333333333333334,-1253.7791154299994,-1253.7791154300005,7.282206547784633,135.71546920133335,,
OTM1_NEXT3_K3M2.5,6,43630.7978051315,7271.799634188584,6816.709824142999,0.8333333333333334,-1253.7791154299994,-1253.7791154300005,7.290756380574367,136.57536581141667,,
OTM1_NEXT3_K3M3,6,43630.7978051315,7271.799634188584,6816.709824142999,0.8333333333333334,-1253.7791154299994,-1253.7791154300005,7.290756380574367,136.57536581141667,,
OTM1_NEXT3_K3M4,6,43630.7978051315,7271.799634188584,6816.709824142999,0.8333333333333334,-1253.7791154299994,-1253.7791154300005,7.290756380574367,136.57536581141667,,
OTM2_MIRROR_GAP_K3M0.5,6,-10910.74592056805,-1818.4576534280084,-1667.194100933048,0.0,-8282.332191454596,-3048.9959391419998,-14.543310620488178,88.37432009466666,,
OTM2_MIRROR_GAP_K3M1,6,1229.7543566619524,204.95905944365873,-1028.1736588015474,0.16666666666666666,-2080.1148287470014,-1650.9359870675005,0.46038568263194307,90.79094055633334,,
OTM2_MIRROR_GAP_K3M1.5,6,18935.622840603453,3155.9371401005756,152.6650794952731,0.6666666666666666,-104.99076992009577,-104.99076992009458,4.196751291251903,105.43785989941665,,
OTM2_MIRROR_GAP_K3M2,6,32450.766890507493,5408.461148417916,6669.91274534775,1.0,0.0,43.554984859499676,9.675546495393384,125.74718491541667,,
OTM2_MIRROR_GAP_K3M2.5,6,40629.59032474349,6771.5983874572485,8343.37549375,1.0,0.0,43.554984859499676,9.877197929190721,123.27661254275,,
OTM2_MIRROR_GAP_K3M3,6,49747.529042924,8291.254840487332,9894.204182896749,1.0,0.0,43.554984859499676,10.175785861166242,125.16182617933333,,
OTM2_MIRROR_GAP_K3M4,6,60182.032225404,10030.338704234,11353.337033322001,1.0,0.0,43.554984859499676,10.181295850980508,126.99462909933332,,
OTM2_NEXT1_K3M0.5,6,-86861.39717694258,-14476.89952949043,-2498.1306622385,0.0,-61461.92769435208,-53758.1785033105,-4.873380113516233,94.02452949041667,,
OTM2_NEXT1_K3M1,6,-4760.464975545548,-793.4108292575914,-1129.2156102990475,0.16666666666666666,-2788.6796856430014,-3373.1378419474527,-2.359485888898511,90.86916259091669,,
OTM2_NEXT1_K3M1.5,6,2796.6090283104527,466.10150471840876,-563.1797364312973,0.16666666666666666,-1857.720970456502,-2477.8604712454517,0.8547125810047015,92.35682861491667,,
OTM2_NEXT1_K3M2,6,21634.342816856046,3605.723802809341,3253.9947791394993,0.6666666666666666,-67.703677629499,-1621.5082036174526,5.512235753738898,117.69286385733335,,
OTM2_NEXT1_K3M2.5,6,36749.147222188,6124.857870364667,6701.20010736275,1.0,0.0,597.2668332180002,9.150828642099903,132.47546296866668,,
OTM2_NEXT1_K3M3,6,37888.544514065,6314.757419010833,8339.52763241125,1.0,0.0,597.2668332180002,11.912289597146511,126.74258098916665,,
OTM2_NEXT1_K3M4,6,56158.9811866895,9359.830197781585,11461.174483935749,1.0,0.0,1391.9876876454994,11.677465225259546,127.46146888508332,,
OTM2_NEXT2_K3M0.5,6,-9219.814988494547,-1536.6358314157578,-1900.56991991125,0.16666666666666666,-6591.401259381093,-3048.9959391419998,-7.680039593342653,87.67749808241668,,
OTM2_NEXT2_K3M1,6,4217.552100664548,702.9253501107579,-700.3792417962502,0.3333333333333333,-1898.302535994001,-1650.9359870675005,1.5793840760228528,90.61631655591668,,
OTM2_NEXT2_K3M1.5,6,26387.21084618755,4397.868474364592,3350.5799972000004,1.0,0.0,43.554984859499676,6.233681176749475,116.92319230208334,,
OTM2_NEXT2_K3M2,6,36894.24418761699,6149.040697936165,8312.559579806251,1.0,0.0,43.554984859499676,11.027740623514685,125.6259687305,,
OTM2_NEXT2_K3M2.5,6,43246.57686712149,7207.762811186915,9403.64032697175,1.0,0.0,43.554984859499676,10.585236996095091,123.69552214641668,,
OTM2_NEXT2_K3M3,6,48822.7275741575,8137.121262359583,9564.716644812499,1.0,0.0,43.554984859499676,9.932279037928614,124.92040430708333,,
OTM2_NEXT2_K3M4,6,51595.767737128495,8599.29462285475,9564.716644812499,1.0,0.0,43.554984859499676,9.355860539888015,125.33037714525,,
OTM2_NEXT3_K3M0.5,6,-6704.365886712053,-1117.3943144520088,-1760.1275898409767,0.16666666666666666,-6697.175163252502,-3187.4450454765006,-3.403712697561333,87.144314452,,
OTM2_NEXT3_K3M1,6,10264.748543518544,1710.7914239197573,171.7693336057735,0.5,-1806.3214973380004,-1234.702374597501,3.107162997189299,103.25024274691667,,
OTM2_NEXT3_K3M1.5,6,30102.385861201496,5017.06431020025,5067.493648332,0.8333333333333334,-1136.5104841124994,-1136.5104841125003,6.901410731315259,131.47735646641667,,
OTM2_NEXT3_K3M2,6,35172.49440853,5862.082401421667,5891.887946380749,0.8333333333333334,-1136.5104841124994,-1136.5104841125003,7.138457446092573,129.834265245,,
OTM2_NEXT3_K3M2.5,6,35172.49440853,5862.082401421667,5891.887946380749,0.8333333333333334,-1136.5104841124994,-1136.5104841125003,7.138457446092573,129.834265245,,
OTM2_NEXT3_K3M3,6,35172.49440853,5862.082401421667,5891.887946380749,0.8333333333333334,-1136.5104841124994,-1136.5104841125003,7.138457446092573,129.834265245,,
OTM2_NEXT3_K3M4,6,35172.49440853,5862.082401421667,5891.887946380749,0.8333333333333334,-1136.5104841124994,-1136.5104841125003,7.138457446092573,129.834265245,,
OTM3_MIRROR_GAP_K3M0.5,6,-2469.952991390548,-411.6588318984247,-1660.2465058597502,0.3333333333333333,-4345.4521043185,-2810.3752194799995,-0.949489592292236,67.70049856508332,,
OTM3_MIRROR_GAP_K3M1,6,4575.81806495445,762.6363441590751,-659.5072879332262,0.3333333333333333,-1604.4760961909985,-1165.789614603499,1.8651701055826604,85.07198917425002,,
OTM3_MIRROR_GAP_K3M1.5,6,28813.558950252,4802.259825042001,5798.297580365499,0.8333333333333334,-1029.6203755274983,-1029.6203755275,8.28105821674974,123.65684162466665,,
OTM3_MIRROR_GAP_K3M2,6,36486.370924358496,6081.061820726416,7263.466881538999,0.8333333333333334,-1029.6203755274983,-1029.6203755275,8.979885376929115,123.72984594025,,
OTM3_MIRROR_GAP_K3M2.5,6,36486.370924358496,6081.061820726416,7263.466881538999,0.8333333333333334,-1029.6203755274983,-1029.6203755275,8.979885376929115,123.72984594025,,
OTM3_MIRROR_GAP_K3M3,6,36486.370924358496,6081.061820726416,7263.466881538999,0.8333333333333334,-1029.6203755274983,-1029.6203755275,8.979885376929115,123.72984594025,,
OTM3_MIRROR_GAP_K3M4,6,36486.370924358496,6081.061820726416,7263.466881538999,0.8333333333333334,-1029.6203755274983,-1029.6203755275,8.979885376929115,123.72984594025,,
OTM3_NEXT1_K3M0.5,6,-75699.93296024758,-12616.655493374596,-2030.499147414047,0.0,-54667.482825328574,-48027.6102057005,-4.787158895902124,88.44716004125,,
OTM3_NEXT1_K3M1,6,-20758.8260406136,-3459.8043401022665,-975.9497665810488,0.16666666666666666,-2453.0234183004977,-19683.706376329505,-3.0592048547385553,93.34600676891667,,
OTM3_NEXT1_K3M1.5,6,874.4230111629529,145.73716852715881,-285.029187017548,0.3333333333333333,-1105.9612465169994,-3772.7596090374536,0.31917422533397094,87.17949813950001,,
OTM3_NEXT1_K3M2,6,14085.42802322655,2347.571337204425,261.0794433810002,0.5,-732.929008724499,-3026.695133452454,3.1744669217777552,99.13699612891666,,
OTM3_NEXT1_K3M2.5,6,27949.790214732548,4658.298369122092,4123.7542230174995,0.8333333333333334,0.0,-2566.081413743454,5.4101327330472015,111.07663087791667,,
OTM3_NEXT1_K3M3,6,39156.45618611151,6526.076031018584,8601.284269631251,1.0,0.0,1171.8129618029993,11.868774726537842,119.63230231474999,,
OTM3_NEXT1_K3M4,6,52411.9243892705,8735.320731545084,11114.921141660001,1.0,0.0,1171.8129618029993,12.363933531475707,120.38760178825,,
OTM3_NEXT2_K3M0.5,6,299.83947424445387,49.97324570740898,-1540.4354817152503,0.3333333333333333,-4141.865845279998,-3881.6602617489534,0.077699110495976,68.65175429258333,,
OTM3_NEXT2_K3M1,6,1402.0678688964515,233.67797814940857,-489.45769871724985,0.3333333333333333,-1874.4785912194993,-2373.3125176314534,0.6788228657457945,85.36368851725001,,
OTM3_NEXT2_K3M1.5,6,20442.441982647542,3407.0736637745904,2794.97593236275,0.6666666666666666,-8.252507168999728,-1380.722389244453,5.557511234248956,109.96800289208333,,
OTM3_NEXT2_K3M2,6,33263.84355222299,5543.973925370498,7505.313218956749,0.8333333333333334,-8.252507169003366,-8.252507169000758,10.58348744879112,119.69274129616666,,
OTM3_NEXT2_K3M2.5,6,38860.353770008485,6476.725628334748,7637.431956353496,0.8333333333333334,-8.252507169003366,-8.252507169000758,9.845346684719559,118.06603833191666,,
OTM3_NEXT2_K3M3,6,40588.23420707699,6764.705701179498,7637.431956353496,0.8333333333333334,-8.252507169003366,-8.252507169000758,9.467868830683143,117.71096548716666,,
OTM3_NEXT2_K3M4,6,42887.79842942849,7147.966404904749,7637.431956353496,0.8333333333333334,-8.252507169003366,-8.252507169000758,8.909686364479718,117.40859509524999,,
OTM3_NEXT3_K3M0.5,6,-792.5364661450462,-132.08941102417438,-1948.8909357387497,0.3333333333333333,-4922.7409640765,-2810.3752194799995,-0.2724435452593412,67.08941102416667,,
OTM3_NEXT3_K3M1,6,4472.020607372544,745.336767895424,-487.53799810322596,0.3333333333333333,-1260.5375165309986,-1165.789614603499,1.8521415606609146,85.03823210458334,,
OTM3_NEXT3_K3M1.5,6,24397.591970572998,4066.265328428833,4023.3057776377486,0.6666666666666666,-1029.6203755274983,-1029.6203755275,6.416894335845806,112.15133823783331,,
OTM3_NEXT3_K3M2,6,29265.606723824,4877.601120637333,4467.21810264975,0.6666666666666666,-1029.6203755274983,-1029.6203755275,6.4098810340090395,112.23221269599998,,
OTM3_NEXT3_K3M2.5,6,29265.606723824,4877.601120637333,4467.21810264975,0.6666666666666666,-1029.6203755274983,-1029.6203755275,6.4098810340090395,112.23221269599998,,
OTM3_NEXT3_K3M3,6,29265.606723824,4877.601120637333,4467.21810264975,0.6666666666666666,-1029.6203755274983,-1029.6203755275,6.4098810340090395,112.23221269599998,,
OTM3_NEXT3_K3M4,6,29265.606723824,4877.601120637333,4467.21810264975,0.6666666666666666,-1029.6203755274983,-1029.6203755275,6.4098810340090395,112.23221269599998,,
OTM4_MIRROR_GAP_K3M0.5,6,1040.9742306064481,173.4957051010747,-1590.8175801344996,0.3333333333333333,-4124.2597314495,-3270.2769094679543,0.30702147077968445,63.212628232250005,,
OTM4_MIRROR_GAP_K3M1,6,1646.5836001615407,274.43060002692346,-407.8129850797504,0.3333333333333333,-1584.8114639665,-1584.8114639665,0.9790342500325004,80.36106663974999,,
OTM4_MIRROR_GAP_K3M1.5,6,3112.7624826155425,518.7937471025904,-25.05955018147627,0.5,-1584.8114639665,-1584.8114639665,1.9897288756621323,80.83125289741666,,
OTM4_MIRROR_GAP_K3M2,6,3112.7624826155425,518.7937471025904,-25.05955018147627,0.5,-1584.8114639665,-1584.8114639665,1.9897288756621323,80.83125289741666,,
OTM4_MIRROR_GAP_K3M2.5,6,3112.7624826155425,518.7937471025904,-25.05955018147627,0.5,-1584.8114639665,-1584.8114639665,1.9897288756621323,80.83125289741666,,
OTM4_MIRROR_GAP_K3M3,6,3112.7624826155425,518.7937471025904,-25.05955018147627,0.5,-1584.8114639665,-1584.8114639665,1.9897288756621323,80.83125289741666,,
OTM4_MIRROR_GAP_K3M4,6,3112.7624826155425,518.7937471025904,-25.05955018147627,0.5,-1584.8114639665,-1584.8114639665,1.9897288756621323,80.83125289741666,,
OTM4_NEXT1_K3M0.5,6,-63394.362193511595,-10565.727032251933,-1904.9131262007982,0.0,-48005.00295138909,-42128.3542751715,-4.634696912693883,82.85203225191667,,
OTM4_NEXT1_K3M1,6,-16605.2432501136,-2767.5405416855997,-1042.09868900825,0.16666666666666666,-2107.3454072520963,-15043.537837967002,-3.234201195901727,86.83220835224999,,
OTM4_NEXT1_K3M1.5,6,-10125.899717971597,-1687.6499529952662,-510.34313988479835,0.16666666666666666,-1020.6862797695958,-14573.192842489501,-1.771549805866541,88.10828632858333,,
OTM4_NEXT1_K3M2,6,-4041.3823015915955,-673.5637169319326,-68.97111215825024,0.5,-245.95146722609525,-13224.32425569,-0.687407431331375,89.10538359858333,,
OTM4_NEXT1_K3M2.5,6,15096.695211944043,2516.1158686573403,890.1376316655002,0.8333333333333334,0.0,-3732.054677302454,3.4607841989107757,93.63413134266666,,
OTM4_NEXT1_K3M3,6,28805.12975955204,4800.85495992534,4398.802511158749,0.8333333333333334,0.0,-3200.0782686244534,5.44663177108227,105.56170674133335,,
OTM4_NEXT1_K3M4,6,45214.07631993,7535.679386655,9903.340293799498,1.0,0.0,957.4322742494998,12.179147609683254,113.73728001166667,,
OTM4_NEXT2_K3M0.5,6,-10140.366331933601,-1690.0610553222668,-1323.4694774147501,0.3333333333333333,-3596.513362449001,-14543.1435430015,-1.6324273201206148,71.01938865558334,,
OTM4_NEXT2_K3M1,6,-7943.522243525599,-1323.9203739209331,-493.06727850274996,0.3333333333333333,-1721.6208977180013,-12196.4034415815,-1.6566924285050264,86.21204058758333,,
OTM4_NEXT2_K3M1.5,6,14001.02156187304,2333.5035936455065,308.5645226557496,0.6666666666666666,-63.935594108999794,-2699.6839736589527,3.4546221039594687,93.16307302116667,,
OTM4_NEXT2_K3M2,6,38251.856967640495,6375.3094946067495,7106.225695570249,0.8333333333333334,-63.935594108996156,-63.935594108999474,8.662060656169945,118.73217205991666,,
OTM4_NEXT2_K3M2.5,6,40792.610666045504,6798.768444340917,7749.51971841575,0.8333333333333334,-63.935594108996156,-63.935594108999474,8.797909904373086,117.77322232575,,
OTM4_NEXT2_K3M3,6,43773.49415095601,7295.582358492668,7798.9261452192495,0.8333333333333334,-63.935594108996156,-63.935594108999474,8.72405823634778,116.58430817400001,,
OTM4_NEXT2_K3M4,6,43773.49415095601,7295.582358492668,7798.9261452192495,0.8333333333333334,-63.935594108996156,-63.935594108999474,8.72405823634778,116.58430817400001,,
OTM4_NEXT3_K3M0.5,6,-6961.004444940097,-1160.167407490016,-1542.2498124834995,0.3333333333333333,-4050.0385499409986,-12371.157841850001,-1.2300661561037,69.25074082333335,,
OTM4_NEXT3_K3M1,6,3112.9965354540436,518.8327559090072,-572.3659942229998,0.3333333333333333,-1296.0875074555001,-2232.1741732064534,1.4383856046290446,80.25057742433334,,
OTM4_NEXT3_K3M1.5,6,14669.14228038504,2444.85704673084,1733.3725174769995,0.5,-903.7993825545,-928.1832202274536,4.890493029899602,92.30961993583333,,
OTM4_NEXT3_K3M2,6,24846.8569866885,4141.14283111475,4885.381131182999,0.6666666666666666,-903.7993825544982,-903.7993825544995,7.345284774541578,104.98216888525,,
OTM4_NEXT3_K3M2.5,6,24846.8569866885,4141.14283111475,4885.381131182999,0.6666666666666666,-903.7993825544982,-903.7993825544995,7.345284774541578,104.98216888525,,
OTM4_NEXT3_K3M3,6,24846.8569866885,4141.14283111475,4885.381131182999,0.6666666666666666,-903.7993825544982,-903.7993825544995,7.345284774541578,104.98216888525,,
OTM4_NEXT3_K3M4,6,24846.8569866885,4141.14283111475,4885.381131182999,0.6666666666666666,-903.7993825544982,-903.7993825544995,7.345284774541578,104.98216888525,,
OTM5_MIRROR_GAP_K3M0.5,6,-345.48871329709755,-57.581452216182925,-1726.3503132462502,0.3333333333333333,-4199.605526721001,-7153.718442314001,-0.0744496887271433,64.08145221616667,,
OTM5_MIRROR_GAP_K3M1,6,5080.23288134545,846.7054802242416,-1499.7074243030006,0.3333333333333333,-2999.4148486060017,-2928.1875257864526,1.338254672655107,60.58618644241667,,
OTM5_MIRROR_GAP_K3M1.5,6,5080.23288134545,846.7054802242416,-1499.7074243030006,0.3333333333333333,-2999.4148486060017,-2928.1875257864526,1.338254672655107,60.58618644241667,,
OTM5_MIRROR_GAP_K3M2,6,5080.23288134545,846.7054802242416,-1499.7074243030006,0.3333333333333333,-2999.4148486060017,-2928.1875257864526,1.338254672655107,60.58618644241667,,
OTM5_MIRROR_GAP_K3M2.5,6,5080.23288134545,846.7054802242416,-1499.7074243030006,0.3333333333333333,-2999.4148486060017,-2928.1875257864526,1.338254672655107,60.58618644241667,,
OTM5_MIRROR_GAP_K3M3,6,5080.23288134545,846.7054802242416,-1499.7074243030006,0.3333333333333333,-2999.4148486060017,-2928.1875257864526,1.338254672655107,60.58618644241667,,
OTM5_MIRROR_GAP_K3M4,6,5080.23288134545,846.7054802242416,-1499.7074243030006,0.3333333333333333,-2999.4148486060017,-2928.1875257864526,1.338254672655107,60.58618644241667,,
OTM5_NEXT1_K3M0.5,6,-11171.166353958091,-1861.8610589930151,-1186.8002094555002,0.16666666666666666,-2929.033170154593,-12051.113661354999,-2.3015272557760733,68.94439232633333,,
OTM5_NEXT1_K3M1,6,-49264.4883849611,-8210.748064160183,-1322.5812748690485,0.0,-38152.2113266026,-34697.1869314675,-4.348773399655117,79.24806416016666,,
OTM5_NEXT1_K3M1.5,6,-8047.178342799596,-1341.1963904665993,-458.57640611274996,0.3333333333333333,-1556.9232867960964,-10460.286359369,-1.969969049211784,82.90472379991667,,
OTM5_NEXT1_K3M2,6,-2310.3268703110953,-385.05447838518256,115.56886422874967,0.5,-486.0665749975951,-9153.764321548,-0.5519320799116745,83.8878117185,,
OTM5_NEXT1_K3M2.5,6,7545.1493955725,1257.5248992620834,646.0468602994999,0.8333333333333334,0.0,-8754.7772375395,1.5021056963487425,92.85010073791666,,
OTM5_NEXT1_K3M3,6,20645.150886293,3440.8584810488333,3602.1535329655,0.8333333333333334,0.0,-6873.217793444,3.821669080316467,103.80818561783333,,
OTM5_NEXT1_K3M4,6,40361.897760351,6726.9829600585,8275.171690953,1.0,0.0,732.6730639635006,11.405134583085607,106.68370660816667,,
OTM5_NEXT2_K3M0.5,6,-6101.675727595597,-1016.9459545992662,-1147.5782699715003,0.3333333333333333,-3006.8655309100013,-10644.767257906,-1.2022250397286238,67.40428793258333,,
OTM5_NEXT2_K3M1,6,-6303.201027017595,-1050.5335045029326,-315.55419176475,0.3333333333333333,-937.3475508089996,-8686.2545210955,-1.9100817705651576,81.49183783625001,,
OTM5_NEXT2_K3M1.5,6,2931.083968424499,488.51399473741645,168.7247874322502,0.6666666666666666,-107.1907244819995,-6937.684401669501,0.7364822634847251,82.94433859591668,,
OTM5_NEXT2_K3M2,6,17063.96372709105,2843.993954515175,1182.9813398972499,0.6666666666666666,-107.1907244819995,-3571.7542888594526,3.8171446895969177,89.6727121515,,
OTM5_NEXT2_K3M2.5,6,33116.45244100999,5519.408740168332,5394.456478723499,0.8333333333333334,-107.19072448200313,-107.19072448199965,7.529273609779312,102.00792649833333,,
OTM5_NEXT2_K3M3,6,35222.02973654599,5870.338289424332,5394.456478723499,0.8333333333333334,-107.19072448200313,-107.19072448199965,7.389428631821047,102.07837724233336,,
OTM5_NEXT2_K3M4,6,35222.02973654599,5870.338289424332,5394.456478723499,0.8333333333333334,-107.19072448200313,-107.19072448199965,7.389428631821047,102.07837724233336,,
OTM5_NEXT3_K3M0.5,6,-701.9627897230928,-116.99379828718213,-1259.3685088337502,0.3333333333333333,-3431.3509975165,-9234.554487842499,-0.12921435163171982,66.0771316205,,
OTM5_NEXT3_K3M1,6,-222.89581206609546,-37.14930201101591,-468.4503210955002,0.3333333333333333,-936.9006421910008,-6027.361823055999,-0.0732876202238278,80.48263534433333,,
OTM5_NEXT3_K3M1.5,6,4399.44247229495,733.2404120491583,91.09803559324979,0.5,-788.2028058940004,-2524.1202520724532,2.0382939797024884,77.09292128416666,,
OTM5_NEXT3_K3M2,6,15655.622653971406,2609.2704423285677,1801.093114693953,0.6666666666666666,-788.2028058939995,-788.202805894,5.182794850348802,89.85455767141666,,
OTM5_NEXT3_K3M2.5,6,15655.622653971406,2609.2704423285677,1801.093114693953,0.6666666666666666,-788.2028058939995,-788.202805894,5.182794850348802,89.85455767141666,,
OTM5_NEXT3_K3M3,6,15655.622653971406,2609.2704423285677,1801.093114693953,0.6666666666666666,-788.2028058939995,-788.202805894,5.182794850348802,89.85455767141666,,
OTM5_NEXT3_K3M4,6,15655.622653971406,2609.2704423285677,1801.093114693953,0.6666666666666666,-788.2028058939995,-788.202805894,5.182794850348802,89.85455767141666,,
OTM6_MIRROR_GAP_K3M0.5,6,7007.8499292619035,1167.9749882103172,-1740.61965998075,0.3333333333333333,-4201.184754423,-4833.893219638001,1.1900599607689877,60.52501178966668,,
OTM6_MIRROR_GAP_K3M1,6,8532.615049378903,1422.1025082298172,-1740.61965998075,0.3333333333333333,-4201.184754423,-3309.1280995210013,1.4987907014971407,56.647491770166674,,
OTM6_MIRROR_GAP_K3M1.5,6,8532.615049378903,1422.1025082298172,-1740.61965998075,0.3333333333333333,-4201.184754423,-3309.1280995210013,1.4987907014971407,56.647491770166674,,
OTM6_MIRROR_GAP_K3M2,6,8532.615049378903,1422.1025082298172,-1740.61965998075,0.3333333333333333,-4201.184754423,-3309.1280995210013,1.4987907014971407,56.647491770166674,,
OTM6_MIRROR_GAP_K3M2.5,6,8532.615049378903,1422.1025082298172,-1740.61965998075,0.3333333333333333,-4201.184754423,-3309.1280995210013,1.4987907014971407,56.647491770166674,,
OTM6_MIRROR_GAP_K3M3,6,8532.615049378903,1422.1025082298172,-1740.61965998075,0.3333333333333333,-4201.184754423,-3309.1280995210013,1.4987907014971407,56.647491770166674,,
OTM6_MIRROR_GAP_K3M4,6,8532.615049378903,1422.1025082298172,-1740.61965998075,0.3333333333333333,-4201.184754423,-3309.1280995210013,1.4987907014971407,56.647491770166674,,
OTM6_NEXT1_K3M0.5,6,-9053.656766921096,-1508.9427944868494,-972.3962243874994,0.16666666666666666,-3284.8833688130962,-9579.295202472502,-2.2154165427098595,65.94279448683334,,
OTM6_NEXT1_K3M1,6,-42516.312188309596,-7086.052031384933,-1559.9534196710479,0.0,-33387.74193060459,-29549.638547912,-4.442905394423966,75.26036471824999,,
OTM6_NEXT1_K3M1.5,6,-4873.914116121595,-812.3190193535992,-246.94221161699937,0.3333333333333333,-1964.6736228865957,-6861.1170397985015,-1.6418385818196422,79.44401935358333,,
OTM6_NEXT1_K3M2,6,-121.22750673659473,-20.204584456099123,108.24935393325026,0.5,-1395.205010911095,-6130.567541685001,-0.035047785274156744,79.24625112275,,
OTM6_NEXT1_K3M2.5,6,5297.050928553905,882.8418214256508,609.4100560110004,0.6666666666666666,-950.8100841495952,-5006.786767803001,1.361406953390983,80.24151190766668,,
OTM6_NEXT1_K3M3,6,23507.1855488255,3917.864258137583,4001.92665238975,0.8333333333333334,0.0,-3989.3403562565013,4.921948469758179,98.59407519575001,,
OTM6_NEXT1_K3M4,6,42227.413095514996,7037.902182585833,7499.56088029,1.0,0.0,559.3593771705005,9.417135374430227,106.6811507475,,
OTM6_NEXT2_K3M0.5,6,-4307.644674515093,-717.9407790858489,-900.68652364625,0.16666666666666666,-2482.8094660139996,-8524.3574876415,-0.9818913880280054,64.69077908583334,,
OTM6_NEXT2_K3M1,6,-917.2505814745944,-152.87509691243238,-326.54125330475006,0.3333333333333333,-929.0491016435008,-5780.341601640499,-0.2981867275826667,65.66676357908334,,
OTM6_NEXT2_K3M1.5,6,2127.0105423074074,354.50175705123456,273.4305282895002,0.6666666666666666,-121.65270424150003,-4656.560827758499,0.7832818030585744,78.28990961541666,,
OTM6_NEXT2_K3M2,6,7751.6880565669035,1291.9480094278172,637.0422881937029,0.6666666666666666,-121.65270424150003,-2998.806382972001,2.4087150693891193,75.21865723883333,,
OTM6_NEXT2_K3M2.5,6,27180.743935607905,4530.123989267984,4188.299957666954,0.8333333333333334,-121.65270424150003,-121.65270424149998,7.097975012008169,96.79267739866667,,
OTM6_NEXT2_K3M3,6,28383.954074784408,4730.659012464068,4188.299957666954,0.8333333333333334,-121.65270424150003,-121.65270424149998,6.969375843673005,96.13265420258334,,
OTM6_NEXT2_K3M4,6,28383.954074784408,4730.659012464068,4188.299957666954,0.8333333333333334,-121.65270424150003,-121.65270424149998,6.969375843673005,96.13265420258334,,
OTM6_NEXT3_K3M0.5,6,1343.2709247489054,223.8784874581509,-1085.49215205625,0.3333333333333333,-3046.8921317840004,-6167.082547413501,0.294014053339741,63.204845875166676,,
OTM6_NEXT3_K3M1,6,-79.13997824709452,-13.189996374515752,-495.17459302049963,0.3333333333333333,-990.349186040999,-3935.0205664790014,-0.036690699227187366,77.10666304116667,,
OTM6_NEXT3_K3M1.5,6,2604.735966377904,434.122661062984,-6.988925300750168,0.5,-653.5058277835001,-2227.5159572935013,1.498267516259931,73.96067227033333,,
OTM6_NEXT3_K3M2,6,3302.1440631204046,550.3573438534007,-6.988925300750168,0.5,-653.5058277835001,-1530.1078605510013,2.0620446274258173,74.18432281325,,
OTM6_NEXT3_K3M2.5,6,3302.1440631204046,550.3573438534007,-6.988925300750168,0.5,-653.5058277835001,-1530.1078605510013,2.0620446274258173,74.18432281325,,
OTM6_NEXT3_K3M3,6,3302.1440631204046,550.3573438534007,-6.988925300750168,0.5,-653.5058277835001,-1530.1078605510013,2.0620446274258173,74.18432281325,,
OTM6_NEXT3_K3M4,6,3302.1440631204046,550.3573438534007,-6.988925300750168,0.5,-653.5058277835001,-1530.1078605510013,2.0620446274258173,74.18432281325,,
OTM7_MIRROR_GAP_K3M0.5,6,5066.887603543906,844.4812672573177,-1708.235920557,0.3333333333333333,-4654.470895412501,-3484.5903421440007,0.9441169645180502,57.935399409333336,,
OTM7_MIRROR_GAP_K3M1,6,5066.887603543906,844.4812672573177,-1708.235920557,0.3333333333333333,-4654.470895412501,-3484.5903421440007,0.9441169645180502,57.935399409333336,,
OTM7_MIRROR_GAP_K3M1.5,6,5066.887603543906,844.4812672573177,-1708.235920557,0.3333333333333333,-4654.470895412501,-3484.5903421440007,0.9441169645180502,57.935399409333336,,
OTM7_MIRROR_GAP_K3M2,6,5066.887603543906,844.4812672573177,-1708.235920557,0.3333333333333333,-4654.470895412501,-3484.5903421440007,0.9441169645180502,57.935399409333336,,
OTM7_MIRROR_GAP_K3M2.5,6,5066.887603543906,844.4812672573177,-1708.235920557,0.3333333333333333,-4654.470895412501,-3484.5903421440007,0.9441169645180502,57.935399409333336,,
OTM7_MIRROR_GAP_K3M3,6,5066.887603543906,844.4812672573177,-1708.235920557,0.3333333333333333,-4654.470895412501,-3484.5903421440007,0.9441169645180502,57.935399409333336,,
OTM7_MIRROR_GAP_K3M4,6,5066.887603543906,844.4812672573177,-1708.235920557,0.3333333333333333,-4654.470895412501,-3484.5903421440007,0.9441169645180502,57.935399409333336,,
OTM7_NEXT1_K3M0.5,6,-7324.3407350945945,-1220.723455849099,-845.3270601882505,0.16666666666666666,-3937.302556896093,-6970.5896077630005,-2.188610043550118,63.18178918241667,,
OTM7_NEXT1_K3M1,6,-4799.261028048595,-799.8768380080992,-483.64797745900046,0.16666666666666666,-3476.6888371870937,-6044.6828853405,-1.4847738928146352,63.75183800808333,,
OTM7_NEXT1_K3M1.5,6,-3567.9586287460947,-594.6597714576825,-215.7796747960004,0.16666666666666666,-2918.7623597930938,-4793.169282189,-1.3810345958294645,75.743104791,,
OTM7_NEXT1_K3M2,6,-1122.0150984690931,-187.00251641151553,202.6651832494997,0.6666666666666666,-2454.5349177085936,-4533.659040028999,-0.42029026928862906,75.41918307816665,,
OTM7_NEXT1_K3M2.5,6,3483.3388469164056,580.5564744860676,475.1409047674998,0.6666666666666666,-2100.9652314530936,-3310.9005049025004,1.1621268595936785,72.15185884725001,,
OTM7_NEXT1_K3M3,6,7177.741169267407,1196.290194877901,630.2828628424998,0.6666666666666666,-1656.5703046915942,-2915.1619569834993,1.9677166241039545,72.83480512208332,,
OTM7_NEXT1_K3M4,6,18704.842737380906,3117.4737895634844,850.8584469284996,0.6666666666666666,-1656.570304691595,-1922.5718285965002,3.8571998712610807,82.69287710316667,,
OTM7_NEXT2_K3M0.5,6,-3017.391523718094,-502.898587286349,-1094.93080717825,0.16666666666666666,-2330.0468720950944,-5866.4558149165005,-0.8410556737141748,61.981920619666674,,
OTM7_NEXT2_K3M1,6,-949.8208636930952,-158.30347728218254,-464.0197615205006,0.16666666666666666,-1337.4567437080946,-3971.674607864001,-0.3796925678706937,62.97014394883333,,
OTM7_NEXT2_K3M1.5,6,1214.925124627404,202.48752077123402,101.6388239454997,0.5,-792.5053006720948,-2750.454387541501,0.6561465757196494,71.05414589541667,,
OTM7_NEXT2_K3M2,6,4697.136401964408,782.856066994068,101.6388239454997,0.5,-792.5053006720946,-1757.8642591545001,2.04482937824558,71.35226633925,,
OTM7_NEXT2_K3M2.5,6,11294.167420985908,1882.3612368309848,101.6388239454997,0.5,-792.5053006720955,-1151.2814029180004,3.7865671729766084,80.638763169,,
OTM7_NEXT2_K3M3,6,21955.630960863906,3659.271826810651,3222.894846015501,0.6666666666666666,-792.5053006720955,-672.2395542105944,6.0764822799930265,91.22817318933335,,
OTM7_NEXT2_K3M4,6,21955.630960863906,3659.271826810651,3222.894846015501,0.6666666666666666,-792.5053006720955,-672.2395542105944,6.0764822799930265,91.22817318933335,,
OTM7_NEXT3_K3M0.5,6,732.8980941099047,122.14968235165078,-976.8531171557499,0.16666666666666666,-2721.5991580835007,-4717.160284657,0.18396795610179703,60.93365098166668,,
OTM7_NEXT3_K3M1,6,-404.67371451159386,-67.44561908526565,-498.3987252045001,0.3333333333333333,-1018.6258985960008,-3017.559681874,-0.2114115480514102,58.237285751916666,,
OTM7_NEXT3_K3M1.5,6,1817.3009192959062,302.8834865493177,-182.19540471304714,0.5,-535.4052033495,-1629.2310055679995,1.1130305246349306,58.94984678400001,,
OTM7_NEXT3_K3M2,6,2423.8837755324057,403.98062925540097,-182.19540471304714,0.5,-535.4052033495,-1022.6481493314999,1.569924913310812,59.14437074458334,,
OTM7_NEXT3_K3M2.5,6,2423.8837755324057,403.98062925540097,-182.19540471304714,0.5,-535.4052033495,-1022.6481493314999,1.569924913310812,59.14437074458334,,
OTM7_NEXT3_K3M3,6,2423.8837755324057,403.98062925540097,-182.19540471304714,0.5,-535.4052033495,-1022.6481493314999,1.569924913310812,59.14437074458334,,
OTM7_NEXT3_K3M4,6,2423.8837755324057,403.98062925540097,-182.19540471304714,0.5,-535.4052033495,-1022.6481493314999,1.569924913310812,59.14437074458334,,
OTM8_MIRROR_GAP_K3M0.5,6,878.8915031259046,146.48191718765077,-1839.5595177312975,0.16666666666666666,-4657.3600276845,-3500.7659560399998,0.18135083079245373,56.10141614566667,,
OTM8_MIRROR_GAP_K3M1,6,878.8915031259046,146.48191718765077,-1839.5595177312975,0.16666666666666666,-4657.3600276845,-3500.7659560399998,0.18135083079245373,56.10141614566667,,
OTM8_MIRROR_GAP_K3M1.5,6,878.8915031259046,146.48191718765077,-1839.5595177312975,0.16666666666666666,-4657.3600276845,-3500.7659560399998,0.18135083079245373,56.10141614566667,,
OTM8_MIRROR_GAP_K3M2,6,878.8915031259046,146.48191718765077,-1839.5595177312975,0.16666666666666666,-4657.3600276845,-3500.7659560399998,0.18135083079245373,56.10141614566667,,
OTM8_MIRROR_GAP_K3M2.5,6,878.8915031259046,146.48191718765077,-1839.5595177312975,0.16666666666666666,-4657.3600276845,-3500.7659560399998,0.18135083079245373,56.10141614566667,,
OTM8_MIRROR_GAP_K3M3,6,878.8915031259046,146.48191718765077,-1839.5595177312975,0.16666666666666666,-4657.3600276845,-3500.7659560399998,0.18135083079245373,56.10141614566667,,
OTM8_MIRROR_GAP_K3M4,6,878.8915031259046,146.48191718765077,-1839.5595177312975,0.16666666666666666,-4657.3600276845,-3500.7659560399998,0.18135083079245373,56.10141614566667,,
OTM8_NEXT1_K3M0.5,6,-6796.798249936594,-1132.7997083227658,-716.9172609107497,0.16666666666666666,-5074.667597545595,-4811.236375863501,-2.38297781528268,60.841374989416664,,
OTM8_NEXT1_K3M1,6,-4748.838160430095,-791.4730267383492,-421.7352292662497,0.16666666666666666,-4672.441532447595,-4403.964582599095,-1.700340819618616,61.30636007166667,,
OTM8_NEXT1_K3M1.5,6,-2670.6664970715956,-445.1110828452659,-175.2017803675,0.16666666666666666,-4257.240432991595,-4125.001343902095,-0.9814910501063531,57.81941617858333,,
OTM8_NEXT1_K3M2,6,-1343.7792131530982,-223.96320219218305,158.90535435099991,0.6666666666666666,-3894.694484047595,-3894.694484047595,-0.537602926592281,69.0465355255,,
OTM8_NEXT1_K3M2.5,6,566.6605960534044,94.44343267556741,389.21221420549995,0.6666666666666666,-3602.7562109925952,-3602.7562109925952,0.21994933821724622,68.59823399108332,,
OTM8_NEXT1_K3M3,6,4079.0063498924064,679.8343916487344,461.36093669224977,0.6666666666666666,-3249.1865247370947,-3249.1865247370947,1.3407844882481352,69.29060835125,,
OTM8_NEXT1_K3M4,6,14452.660060937906,2408.7766768229844,644.6332969989998,0.6666666666666666,-3249.186524737095,-3249.1865247370947,3.42594815379473,78.55665651033333,,
OTM8_NEXT2_K3M0.5,6,-3128.097132186094,-521.3495220310157,-943.8609297002499,0.16666666666666666,-3828.5324504770947,-3831.1108275979996,-1.0257903193652425,59.84952203099999,,
OTM8_NEXT2_K3M1,6,263.3176352219066,43.88627253698443,-434.59083114874977,0.16666666666666666,-3027.324078870595,-2934.1464155155,0.08640358759454639,56.863727463000004,,
OTM8_NEXT2_K3M1.5,6,500.79886292140634,83.46647715356772,44.595747849,0.5,-2592.6604278775944,-2479.9455328930944,0.23671996612667429,67.65852284641667,,
OTM8_NEXT2_K3M2,6,1730.1833683419059,288.36389472365096,44.595747849,0.5,-2592.6604278775944,-2479.9455328930944,0.8570868877922949,68.052771943,,
OTM8_NEXT2_K3M2.5,6,3329.356352965405,554.8927254942342,78.97443920575,0.5,-2592.6604278775944,-2479.9455328930944,1.7071781825614003,68.56560783908334,,
OTM8_NEXT2_K3M3,6,3329.356352965405,554.8927254942342,78.97443920575,0.5,-2592.6604278775944,-2479.9455328930944,1.7071781825614003,68.56560783908334,,
OTM8_NEXT2_K3M4,6,3329.356352965405,554.8927254942342,78.97443920575,0.5,-2592.6604278775944,-2479.9455328930944,1.7071781825614003,68.56560783908334,,
OTM8_NEXT3_K3M0.5,6,-617.5326824875934,-102.92211374793224,-1180.5821061842498,0.16666666666666666,-2969.429383252095,-3384.4016732715,-0.17922692932284515,59.04711374791666,,
OTM8_NEXT3_K3M1,6,-5342.314456804094,-890.3857428006824,-478.3083715574999,0.16666666666666666,-3282.341808632094,-2059.9726481720004,-7.1305417851442305,65.969076134,,
OTM8_NEXT3_K3M1.5,6,-3817.7479197390926,-636.2913199565154,-437.07158140775005,0.3333333333333333,-2614.1275391950926,-1977.6867317970948,-5.611215324545589,66.45798662316666,,
OTM8_NEXT3_K3M2,6,-3285.7715110610925,-547.6285851768488,-437.07158140775005,0.3333333333333333,-2614.1275391950926,-1977.6867317970948,-5.119098005034786,66.62858517683334,,
OTM8_NEXT3_K3M2.5,6,-3285.7715110610925,-547.6285851768488,-437.07158140775005,0.3333333333333333,-2614.1275391950926,-1977.6867317970948,-5.119098005034786,66.62858517683334,,
OTM8_NEXT3_K3M3,6,-3285.7715110610925,-547.6285851768488,-437.07158140775005,0.3333333333333333,-2614.1275391950926,-1977.6867317970948,-5.119098005034786,66.62858517683334,,
OTM8_NEXT3_K3M4,6,-3285.7715110610925,-547.6285851768488,-437.07158140775005,0.3333333333333333,-2614.1275391950926,-1977.6867317970948,-5.119098005034786,66.62858517683334,,
